0	hastype
1	/location/country/form_of_government
2	/tv/tv_program/regular_cast./tv/regular_tv_appearance/actor
3	/media_common/netflix_genre/titles
4	/award/award_winner/awards_won./award/award_honor/award_winner
5	/soccer/football_team/current_roster./sports/sports_team_roster/position
6	/sports/sports_position/players./soccer/football_roster_position/team
7	/government/political_district/representatives./government/government_position_held/legislative_sessions
8	/film/film/starring./film/performance/actor
9	/soccer/football_team/current_roster./soccer/football_roster_position/position
10	/film/actor/film./film/performance/film
11	/award/award_nominated_work/award_nominations./award/award_nomination/award
12	/award/award_category/nominees./award/award_nomination/nominated_for
13	/organization/membership_organization/members./organization/organization_membership/member
14	/award/award_nominee/award_nominations./award/award_nomination/award_nominee
15	/olympics/olympic_sport/olympic_games_contested
16	/music/performance_role/regular_performances./music/group_membership/role
17	/award/award_category/winners./award/award_honor/ceremony
18	/film/film/release_date_s./film/film_regional_release_date/film_release_distribution_medium
19	/people/marriage_union_type/unions_of_this_type./people/marriage/spouse
20	/award/award_winning_work/awards_won./award/award_honor/award_winner
21	/film/film/release_date_s./film/film_regional_release_date/film_release_region
22	/film/film/language
23	/music/artist/genre
24	/location/location/containedby
25	/people/person/ethnicity
26	/education/educational_institution/students_graduates./education/education/degree
27	/award/award_category/nominees./award/award_nomination/award_nominee
28	/award/award_ceremony/awards_presented./award/award_honor/award
29	/location/location/contains
30	/organization/organization/headquarters./location/mailing_address/country
31	/people/person/profession
32	/film/film_job/films_with_this_crew_job./film/film_crew_gig/film
33	/people/profession/people_with_this_profession
34	/film/film_costumer_designer/costume_design_for_film
35	/location/statistical_region/religions./location/religion_percentage/religion
36	/film/film_genre/films_in_this_genre
37	/tv/tv_genre/programs
38	/award/award_nominee/award_nominations./award/award_nomination/award
39	/music/genre/artists
40	/influence/influence_node/influenced_by
41	/education/educational_institution/students_graduates./education/education/student
42	/organization/organization_member/member_of./organization/organization_membership/organization
43	/people/person/place_of_birth
44	/common/topic/webpage./common/webpage/category
45	/media_common/netflix_title/netflix_genres
46	/sports/sports_position/players./american_football/football_historical_roster_position/team
47	/film/film/other_crew./film/film_crew_gig/film_crew_role
48	/award/award_ceremony/awards_presented./award/award_honor/award_winner
49	/film/film/country
50	/olympics/olympic_sport/athletes./olympics/olympic_athlete_affiliation/country
51	/award/award_winning_work/awards_won./award/award_honor/award
52	/base/schemastaging/tv_actor_extra/regular_dubbing_performances./base/schemastaging/tv_star_dubbing_performance/program
53	/film/film/genre
54	/award/award_nominated_work/award_nominations./award/award_nomination/award_nominee
55	/film/film_distributor/films_distributed./film/film_film_distributor_relationship/film
56	/location/statistical_region/rent50_2./measurement_unit/dated_money_value/currency
57	/film/film/estimated_budget./measurement_unit/dated_money_value/currency
58	/location/administrative_division/second_level_division_of
59	/government/legislative_session/members./government/government_position_held/district_represented
60	/sports/sports_team/roster./american_football/football_historical_roster_position/position_s
61	/government/government_office_category/officeholders./government/government_position_held/jurisdiction_of_office
62	/award/award_nominee/award_nominations./award/award_nomination/nominated_for
63	/people/deceased_person/place_of_death
64	/music/group_member/instruments_played
65	/film/production_company/films
66	/sports/pro_athlete/teams./sports/sports_team_roster/team
67	/base/schemastaging/athlete_extra/salary./base/schemastaging/athlete_salary/team
68	/music/artist/track_contributions./music/track_contribution/role
69	/organization/organization/acquired_by./business/acquisition/acquiring_company
70	/music/instrument/instrumentalists
71	/military/military_combatant/military_conflicts./military/military_combatant_group/conflict
72	/people/person/education./education/education/institution
73	/award/award_category/winners./award/award_honor/honored_for
74	/people/person/gender
75	/business/job_title/people_with_this_title./business/employment_tenure/company
76	/base/popstra/celebrity/friendship./base/popstra/friendship/participant
77	/fictional_universe/fictional_character/occupation
78	/education/field_of_study/students_majoring./education/education/institution
79	/business/business_operation/industry
80	/award/award_category/winners./award/award_honor/award_winner
81	/award/award_winner/awards_won./award/award_honor/ceremony
82	/location/hud_foreclosure_area/hhuniv./measurement_unit/dated_integer/source
83	/location/us_county/hud_county_place
84	/location/statistical_region/gni_in_ppp_dollars./measurement_unit/dated_money_value/currency
85	/people/person/nationality
86	/sports/sports_team/roster./baseball/baseball_roster_position/position
87	/music/performance_role/regular_performances./music/group_membership/member
88	/base/nobelprizes/nobel_prize_winner/nobel_honor./base/nobelprizes/nobel_honor/subject_area
89	/people/cause_of_death/people
90	/tv/tv_program/languages
91	/user/alexander/philosophy/subject/philosophers
92	/common/annotation_category/annotations./common/webpage/topic
93	/music/genre/parent_genre
94	/base/popstra/celebrity/breakup./base/popstra/breakup/participant
95	/influence/influence_node/influenced
96	/location/country/capital
97	/film/special_film_performance_type/film_performance_type./film/performance/film
98	/olympics/olympic_participating_country/athletes./olympics/olympic_athlete_affiliation/sport
99	/film/writer/film
100	/soccer/football_team/current_roster./sports/sports_team_roster/player
101	/film/film/starring./film/performance/character
102	/location/hud_county_place/place
103	/location/country/administrative_divisions
104	/organization/organization/leadership./organization/leadership/role
105	/music/performance_role/guest_performances./music/recording_contribution/performance_role
106	/location/location/adjoin_s./location/adjoining_relationship/adjoins
107	/film/film_subject/films
108	/base/schemastaging/person_extra/net_worth./measurement_unit/dated_money_value/currency
109	/government/form_of_government/countries
110	/education/educational_institution/colors
111	/base/aareas/schema/administrative_area/administrative_parent
112	/government/political_appointer/appointees./government/government_position_held/basic_title
113	/organization/organization/sectors
114	/organization/role/leaders./organization/leadership/organization
115	/location/location/people_born_here
116	/medicine/risk_factor/diseases
117	/broadcast/tv_station_owner/tv_stations
118	/government/legislative_session/members./government/government_position_held/legislative_sessions
119	/olympics/olympic_games/sports
120	/people/person/places_lived./people/place_lived/location
121	/government/legislative_session/members./government/government_position_held/governmental_body
122	/location/hud_foreclosure_area/estimated_number_foreclosures./measurement_unit/dated_integer/source
123	/award/award_category/disciplines_or_subjects
124	/sports/professional_sports_team/draft_picks./sports/sports_league_draft_pick/school
125	/olympics/olympic_participating_country/medals_won./olympics/olympic_medal_honor/olympics
126	/language/human_language/countries_spoken_in
127	/symbols/namesake/named_after
128	/organization/organization/phone_number./common/phone_number/category
129	/award/award_winner/awards_won./award/award_honor/honored_for
130	/people/ethnicity/people
131	/fictional_universe/character_occupation/characters_with_this_occupation
132	/architecture/museum/type_of_museum
133	/olympics/olympic_participating_country/athletes./olympics/olympic_athlete_affiliation/olympics
134	/olympics/olympic_participating_country/medals_won./olympics/olympic_medal_honor/medal
135	/film/film/other_crew./film/film_crew_gig/crewmember
136	/olympics/olympic_games/athletes./olympics/olympic_athlete_affiliation/sport
137	/music/performance_role/track_performances./music/track_contribution/role
138	/education/school_category/schools_of_this_kind
139	/sports/sports_team/roster./sports/sports_team_roster/position
140	/metropolitan_transit/transit_service_type/transit_lines
141	/music/record_label/artist
142	/location/statistical_region/rent50_4./measurement_unit/dated_money_value/currency
143	/base/popstra/celebrity/dated./base/popstra/dated/participant
144	/base/locations/continents/countries_within
145	/business/employer/employees./business/employment_tenure/title
146	/sports/sports_league_draft/picks./sports/sports_league_draft_pick/school
147	/music/musical_group/member./music/group_membership/role
148	/sports/sports_team/sport
149	/film/producer/films_executive_produced
150	/education/educational_institution_campus/educational_institution
151	/sports/sports_team/league./sports/sports_league_participation/league
152	/american_football/football_team/current_roster./american_football/football_roster_position/position
153	/location/location/events
154	/people/person/religion
155	/organization/organization/headquarters./location/mailing_address/citytown
156	/film/music_contributor/film
157	/music/performance_role/track_performances./music/track_contribution/contributor
158	/film/film/produced_by
159	/religion/religious_practice/practice_of
160	/architecture/museum/address./location/mailing_address/citytown
161	/film/film_location/featured_in_films
162	/organization/organization/founders
163	/tv/special_tv_performance_type/starring_performances./tv/regular_tv_appearance/actor
164	/astronomy/celestial_object/category
165	/award/award_winner/awards_won./award/award_honor/award
166	/music/artist/label
167	/medicine/notable_person_with_medical_condition/condition
168	/film/producer/film
169	/people/person/spouse_s./people/marriage/type_of_union
170	/film/film/production_companies
171	/location/country/second_level_divisions
172	/sports/sports_team/roster./soccer/football_roster_position/position
173	/film/film/directed_by
174	/sports/pro_athlete/teams./soccer/football_roster_position/team
175	/food/ingredient/compatible_with_dietary_restrictions
176	/language/human_language/main_country
177	/sports/sports_team/location
178	/location/statistical_region/rent50_1./measurement_unit/dated_money_value/currency
179	/base/culturalevent/event/entity_involved
180	/film/film_festival_event/films
181	/base/newsevents/news_reported_event/news_report_s./base/newsevents/news_report/news_reporting_organisation
182	/education/educational_degree/people_with_this_degree./education/education/institution
183	/film/film/distributors./film/film_film_distributor_relationship/film_distribution_medium
184	/tv/tv_program/tv_producer./tv/tv_producer_term/producer_type
185	/film/film/distributors./film/film_film_distributor_relationship/distributor
186	/sports/sport/teams
187	/music/performance_role/regular_performances./music/group_membership/group
188	/organization/organization/phone_number./common/phone_number/service_location
189	/sports/sports_position/players./ice_hockey/hockey_roster_position/team
190	/government/politician/government_positions_held./government/government_position_held/legislative_sessions
191	/sports/sports_team_location/teams
192	/sports/sports_team/colors
193	/people/deceased_person/cause_of_death
194	/sports/sports_position/players./basketball/basketball_roster_position/team
195	/base/popstra/celebrity/shops_at./base/popstra/shopping_choice/company
196	/sports/professional_sports_team/draft_picks./sports/sports_league_draft_pick/draft
197	/award/award_nominated_work/award_nominations./award/award_nomination/nominated_for
198	/baseball/baseball_team/team_stats./baseball/baseball_team_stats/season
199	/user/alexander/philosophy/philosopher/interests
200	/time/time_zone/locations_in_this_time_zone
201	/people/person/languages
202	/american_football/football_player/position_s
203	/education/educational_institution/students_graduates./education/education/major_field_of_study
204	/film/director/film
205	/american_football/football_team/historical_roster./sports/sports_team_roster/position
206	/award/award_ceremony/awards_presented./award/award_honor/honored_for
207	/olympics/olympic_sport/athletes./olympics/olympic_athlete_affiliation/olympics
208	/film/film/costume_design_by
209	/film/film_format/film_format
210	/film/film/featured_film_locations
211	/tv/tv_program/genre
212	/organization/endowed_organization/endowment./measurement_unit/dated_money_value/currency
213	/film/film/written_by
214	/baseball/baseball_player/batting_stats./baseball/batting_statistics/team
215	/tv/tv_producer/programs_produced./tv/tv_producer_term/producer_type
216	/government/politician/government_positions_held./government/government_position_held/office_position_or_title
217	/base/twinnedtowns/twinned_town/twinned_with./base/twinnedtowns/town_twinning/twinned_towns
218	/location/hud_county_place/county
219	/sports/pro_athlete/teams./sports/sports_team_roster/position
220	/education/educational_degree/people_with_this_degree./education/education/major_field_of_study
221	/base/petbreeds/dog_breed/cities_where_this_dog_is_popular./base/petbreeds/dog_city_relationship/cities
222	/film/film_story_contributor/film_story_credits
223	/base/schemastaging/organization_extra/phone_number./base/schemastaging/phone_sandbox/contact_category
224	/base/saturdaynightlive/snl_cast_member/seasons./base/saturdaynightlive/snl_season_tenure/cast_members
225	/film/film/film_format
226	/tv/tv_actor/starring_roles./tv/regular_tv_appearance/series
227	/film/film/sequel
228	/film/film/music
229	/sports/sports_team/roster./american_football/football_roster_position/position
230	/olympics/olympic_medal/medal_winners./olympics/olympic_medal_honor/country
231	/user/tsegaran/random/taxonomy_subject/entry./user/tsegaran/random/taxonomy_entry/taxonomy
232	/aviation/airport/airlines./aviation/airline_airport_presence/cities_served
233	/celebrities/celebrity/celebrity_friends./celebrities/friendship/friend
234	/location/hud_foreclosure_area/estimated_number_of_mortgages./measurement_unit/dated_integer/source
235	/base/popstra/religion/membership./base/popstra/religion_choice/member
236	/base/x2010fifaworldcupsouthafrica/world_cup_squad/current_world_cup_squad./base/x2010fifaworldcupsouthafrica/current_world_cup_squad/current_club
237	/base/popstra/location/vacationers./base/popstra/vacation_choice/vacationer
238	/medicine/medical_specialty/diseases_treated
239	/sports/sports_position/players./sports/sports_team_roster/player
240	/law/invention/inventor
241	/location/hud_foreclosure_area/total_residential_addresses./measurement_unit/dated_integer/source
242	/base/popstra/celebrity/canoodled./base/popstra/canoodled/participant
243	/location/administrative_division/capital./location/administrative_division_capital_relationship/capital
244	/protected_sites/natural_or_cultural_site_designation/sites./protected_sites/natural_or_cultural_site_listing/listed_site
245	/baseball/baseball_team/historical_roster./baseball/baseball_historical_roster_position/player
246	/soccer/football_player/current_team./soccer/football_roster_position/team
247	/base/popstra/celebrity/vacations_in./base/popstra/vacation_choice/location
248	/olympics/olympic_games/medals_awarded./olympics/olympic_medal_honor/country
249	/people/profession/specializations
250	/computer/software/software_genre
251	/education/educational_institution/school_type
252	/base/popstra/organization/supporter./base/popstra/support/supporter
253	/award/ranked_list/ranked_list_items./award/ranking/item
254	/film/film_crewmember/films_crewed./film/film_crew_gig/film
255	/sports/sport/pro_athletes./sports/pro_sports_played/athlete
256	/soccer/football_team/current_roster./soccer/football_roster_position/player
257	/award/hall_of_fame/inductees./award/hall_of_fame_induction/inductee
258	/base/biblioness/bibs_location/state
259	/education/university/local_tuition./measurement_unit/dated_money_value/currency
260	/business/business_operation/revenue./measurement_unit/dated_money_value/currency
261	/sports/sports_position/players./american_football/football_roster_position/team
262	/sports/sports_position/players./sports/sports_team_roster/team
263	/business/business_operation/retained_earnings./measurement_unit/dated_money_value/currency
264	/tv/tv_producer_type/tv_producers_of_this_type./tv/tv_producer_term/producer
265	/film/film/film_set_decoration_by
266	/military/military_conflict/combatants./military/military_combatant_group/combatants
267	/sports/sports_league/teams./sports/sports_league_participation/team
268	/base/biblioness/bibs_location/country
269	/film/editor/film
270	/music/group_member/membership./music/group_membership/role
271	/olympics/olympic_games/athletes./olympics/olympic_athlete_affiliation/country
272	/organization/organization/parent./organization/organization_relationship/parent
273	/american_football/football_team/historical_roster./american_football/football_historical_roster_position/position_s
274	/people/person/employment_history./business/employment_tenure/title
275	/base/popstra/product/sold_to./base/popstra/product_choice/consumer
276	/tv/tv_program_creator/programs_created
277	/tv/tv_program/tv_producer./tv/tv_producer_term/producer
278	/business/employer/employees./business/employment_tenure/person
279	/location/administrative_division/country
280	/film/film/executive_produced_by
281	/location/statistical_region/rent50_3./measurement_unit/dated_money_value/currency
282	/food/food/nutrients./food/nutrition_fact/nutrient
283	/business/industry/companies
284	/music/group_member/membership./music/group_membership/group
285	/location/statistical_region/gdp_nominal_per_capita./measurement_unit/dated_money_value/currency
286	/education/field_of_study/students_majoring./education/education/degree
287	/film/special_film_performance_type/film_performance_type./film/performance/actor
288	/tv/tv_personality/tv_regular_appearances./tv/tv_regular_personal_appearance/appearance_type
289	/education/fraternity_sorority/colleges_and_universities
290	/education/field_of_study/students_majoring./education/education/student
291	/award/award_winning_work/awards_won./award/award_honor/honored_for
292	/baseball/baseball_team/current_roster./baseball/baseball_roster_position/position
293	/people/person/children
294	/sports/sports_team/roster./basketball/basketball_roster_position/position
295	/organization/organization/headquarters./location/mailing_address/state_province_region
296	/base/aareas/schema/administrative_area/capital
297	/location/hud_foreclosure_area/total_90_day_vacant_residential_addresses./measurement_unit/dated_integer/source
298	/base/aareas/schema/administrative_area/administrative_children
299	/tv/tv_producer/programs_produced./tv/tv_producer_term/program
300	/location/country/first_level_divisions
301	/business/business_operation/liabilities./measurement_unit/dated_money_value/currency
302	/film/personal_film_appearance_type/film_appearances./film/personal_film_appearance/person
303	/sports/sports_league_draft/picks./sports/sports_league_draft_pick/team
304	/travel/travel_destination/tourist_attractions
305	/base/americancomedy/comedy_group/members./base/americancomedy/comedy_group_membership/member
306	/education/educational_institution/campuses
307	/film/film/distributors./film/film_film_distributor_relationship/region
308	/travel/travel_destination/climate./travel/travel_destination_monthly_climate/month
309	/business/business_operation/cash./measurement_unit/dated_money_value/currency
310	/government/governmental_body/sessions
311	/location/statistical_region/rent50_0./measurement_unit/dated_money_value/currency
312	/royalty/order_of_chivalry/recipients./royalty/chivalric_order_membership/recipient
313	/military/military_commander/military_commands./military/military_command/military_combatant
314	/film/film/subjects
315	/medicine/disease/notable_people_with_this_condition
316	/music/musical_group/member./music/group_membership/member
317	/education/educational_institution/students_graduates./education/education/specialization
318	/base/schemastaging/organization_extra/phone_number./base/schemastaging/phone_sandbox/service_location
319	/tv/tv_producer_type/tv_producers_of_this_type./tv/tv_producer_term/program
320	/government/government_office_category/officeholders./government/government_position_held/office_holder
321	/sports/sports_position/players./baseball/baseball_roster_position/team
322	/people/ethnicity/geographic_distribution
323	/film/actor/film./film/performance/special_performance_type
324	/military/military_combatant/military_conflicts./military/military_combatant_group/combatants
325	/film/film/personal_appearances./film/personal_film_appearance/person
326	/base/schemastaging/organization_extra/phone_number./base/schemastaging/phone_open_times/time_zone
327	/location/location/time_zones
328	/basketball/basketball_team/roster./sports/sports_team_roster/position
329	/film/film/story_by
330	/tv/tv_program/recurring_writers./tv/tv_program_writer_relationship/writer
331	/base/petbreeds/city_with_dogs/top_breeds./base/petbreeds/dog_city_relationship/dog_breed
332	/transportation/road/major_cities
333	/basketball/basketball_position/player_roster_position./basketball/basketball_roster_position/team
334	/education/educational_degree/people_with_this_degree./education/education/specialization
335	/base/schemastaging/person_extra/net_worth./measurement_unit/dated_money_value/source
336	/olympics/olympic_games/participating_countries
337	/base/marchmadness/ncaa_basketball_team/ncaa_tournament_seeds./base/marchmadness/ncaa_tournament_seed/tournament
338	/film/film_distribution_medium/films_distributed_in_this_medium./film/film_film_distributor_relationship/film
339	/education/educational_institution/sexes_accepted./education/gender_enrollment/sex
340	/government/governmental_body/members./government/government_position_held/office_holder
341	/tv/tv_network/programs./tv/tv_network_duration/program
342	/base/contractbridge/bridge_player/first_place_finish./base/contractbridge/bridge_tournament_standings/second_place
343	/user/tsegaran/random/subject_taxonomy/entry./user/tsegaran/random/taxonomy_entry/subject
344	/computer/operating_system/parent_os
345	/sports/sports_team/roster./sports/sports_team_roster/player
346	/basketball/basketball_team/roster./basketball/basketball_roster_position/position
347	/military/military_combatant/military_commanders./military/military_command/military_commander
348	/sports/pro_athlete/teams./basketball/basketball_historical_roster_position/team
349	/people/person/employment_history./business/employment_tenure/company
350	/music/artist/origin
351	/people/marriage_union_type/unions_of_this_type./people/marriage/location_of_ceremony
352	/royalty/royal_line/kingdom_s_ruled
353	/medicine/disease/causes
354	/american_football/football_player/former_teams./sports/sports_team_roster/team
355	/medicine/drug_ingredient/more_general_ingredient
356	/tv/tv_writer/tv_programs./tv/tv_program_writer_relationship/tv_program
357	/time/event/locations
358	/base/x2010fifaworldcupsouthafrica/world_cup_squad/current_world_cup_squad./base/x2010fifaworldcupsouthafrica/current_world_cup_squad/players
359	/celebrities/celebrity/sexual_relationships./celebrities/romantic_relationship/celebrity
360	/tv/tv_program/spun_off_from
361	/base/popstra/celebrity/lived_with./base/popstra/lived_with/participant
362	/government/political_party/politicians_in_this_party./government/political_party_tenure/politician
363	/education/university/domestic_tuition./measurement_unit/dated_money_value/currency
364	/government/legislative_session/members./government/government_position_held/office_holder
365	/government/politician/party./government/political_party_tenure/party
366	/people/cause_of_death/includes_causes_of_death
367	/government/politician/government_positions_held./government/government_position_held/appointed_by
368	/award/hall_of_fame/discipline
369	/organization/non_profit_organization/registered_with./organization/non_profit_registration/registering_agency
370	/award/award_category/presenting_organization
371	/base/fight/crime_type/people_convicted_of_this_crime./base/crime/criminal_conviction/guilty_of
372	/base/saints/saint/venerated_in
373	/medicine/icd_9_cm_classification/parent_classification
374	/film/film_art_director/films_art_directed
375	/education/educational_institution/subsidiary_or_constituent_schools
376	/film/actor/dubbing_performances./film/dubbing_performance/film
377	/soccer/football_league/teams./soccer/football_league_participation/team
378	/film/film_character/portrayed_in_films./film/performance/film
379	/location/country/languages_spoken
380	/education/educational_institution/students_graduates./education/education/minor
381	/user/ktrueman/default_domain/international_organization/member_states
382	/tv/tv_program/regular_personal_appearances./tv/tv_regular_personal_appearance/person
383	/award/award_winning_work/awards_won./award/award_honor/ceremony
384	/american_football/football_team/current_roster./sports/sports_team_roster/position
385	/soccer/football_player/current_team./sports/sports_team_roster/team
386	/olympics/olympic_games/medals_awarded./olympics/olympic_medal_honor/medal
387	/organization/organization/legal_structure
388	/base/schemastaging/athlete_extra/salary./base/schemastaging/athlete_salary/currency
389	/location/symbol_of_administrative_division/official_symbol_of./location/location_symbol_relationship/administrative_division
390	/award/ranked_item/appears_in_ranked_lists./award/ranking/list
391	/people/person/education./education/education/major_field_of_study
392	/film/film_set_designer/film_sets_designed
393	/government/political_appointer/appointees./government/government_position_held/jurisdiction_of_office
394	/user/jg/default_domain/olympic_games/sports
395	/education/educational_degree/people_with_this_degree./education/education/minor
396	/sports/sports_team/roster./soccer/football_roster_position/player
397	/people/person/sibling_s./people/sibling_relationship/sibling
398	/base/marchmadness/ncaa_basketball_tournament/seeds./base/marchmadness/ncaa_tournament_seed/team
399	/tv/tv_program/original_network./tv/tv_network_duration/network
400	/music/artist/contribution./music/recording_contribution/performance_role
401	/sports/sports_position/players./sports/sports_team_roster/position
402	/film/film_character/portrayed_in_films./film/performance/actor
403	/business/job_title/people_with_this_title./business/employment_tenure/person
404	/medicine/disease/parent_disease
405	/government/politician/government_positions_held./government/government_position_held/basic_title
406	/people/family/country
407	/sports/sports_team/roster./baseball/baseball_historical_roster_position/player
408	/tv/special_tv_performance_type/episode_performances./tv/tv_guest_role/actor
409	/education/educational_institution/parent_institution
410	/basketball/basketball_position/player_roster_position./sports/sports_team_roster/team
411	/music/genre/subgenre
412	/government/governmental_jurisdiction/governing_officials./government/government_position_held/basic_title
413	/sports/sports_position/players./american_football/football_historical_roster_position/position_s
414	/book/school_or_movement/associated_authors
415	/people/profession/specialization_of
416	/award/award_category/category_of
417	/base/bioventurist/bv_medical_condition/company_involved
418	/base/popstra/company/product_endorser./base/popstra/paid_support/endorser
419	/film/film/cinematography
420	/olympics/olympic_participating_country/olympics_participated_in
421	/film/film/film_production_design_by
422	/organization/organization/companies_acquired./business/acquisition/company_acquired
423	/tv/tv_program/country_of_origin
424	/people/person/parents
425	/government/political_appointer/appointees./government/government_position_held/office_holder
426	/base/americancomedy/comedy_genre/comedians_in_this_genre
427	/language/human_language/writing_system
428	/film/film/edited_by
429	/tv/tv_personality/tv_regular_appearances./tv/tv_regular_personal_appearance/program
430	/award/award_discipline/awards_in_this_discipline
431	/business/consumer_company/products./business/company_product_relationship/consumer_product
432	/education/field_of_study/students_majoring./education/education/major_field_of_study
433	/protected_sites/listed_site/designation_as_natural_or_cultural_site./protected_sites/natural_or_cultural_site_listing/designation
434	/tv/tv_actor/starring_roles./tv/regular_tv_appearance/special_performance_type
435	/language/language_writing_system/languages
436	/military/military_conflict/commanders./military/military_command/military_combatant
437	/music/performance_role/guest_performances./music/recording_contribution/contributor
438	/sports/sports_team/roster./ice_hockey/hockey_roster_position/position
439	/education/educational_degree/people_with_this_degree./education/education/student
440	/location/us_county/county_seat
441	/people/cause_of_death/parent_cause_of_death
442	/finance/currency/countries_used
443	/film/film/film_festivals
444	/government/government_office_or_title/office_holders./government/government_position_held/office_holder
445	/people/person/spouse_s./people/marriage/spouse
446	/film/film/runtime./film/film_cut/film_release_region
447	/location/capital_of_administrative_division/capital_of./location/administrative_division_capital_relationship/administrative_division
448	/user/coco/science/concepts_theories/parent_concept
449	/government/governmental_jurisdiction/governing_officials./government/government_position_held/governmental_body
450	/broadcast/artist/content
451	/basketball/basketball_team/historical_roster./sports/sports_team_roster/player
452	/olympics/olympic_medal/medal_winners./olympics/olympic_medal_honor/olympics
453	/military/military_person/participated_in_conflicts
454	/base/aareas/schema/administrative_area/administrative_area_type
455	/food/diet_follower/follows_diet
456	/computer/computer/manufacturer
457	/influence/influence_node/peers./influence/peer_relationship/peers
458	/government/governmental_body/members./government/government_position_held/legislative_sessions
459	/olympics/olympic_participating_country/athletes./olympics/olympic_athlete_affiliation/athlete
460	/user/hangy/default_domain/sports_team_gender/gender
461	/fictional_universe/fictional_character/species
462	/base/schemastaging/organization_extra/phone_number./base/schemastaging/phone_sandbox/service_language
463	/base/activism/activism_issue/activists
464	/organization/organization_type/organizations_of_this_type
465	/organization/organization/place_founded
466	/award/award/category
467	/baseball/baseball_player/former_teams./sports/sports_team_roster/team
468	/government/legislative_session/members./government/government_position_held/jurisdiction_of_office
469	/tv/tv_program/regular_cast./tv/regular_tv_appearance/special_performance_type
470	/base/eating/practicer_of_diet/diet
471	/tv/tv_program/program_creator
472	/people/deceased_person/place_of_burial
473	/fictional_universe/fictional_character/ethnicity
474	/government/political_district/representatives./government/government_position_held/jurisdiction_of_office
475	/olympics/olympic_athlete/medals_won./olympics/olympic_medal_honor/medal
476	/people/family/members
477	/film/film/release_date_s./film/film_regional_release_date/film_regional_debut_venue
478	/ice_hockey/hockey_team/current_roster./sports/sports_team_roster/position
479	/film/person_or_entity_appearing_in_film/films./film/personal_film_appearance/type_of_appearance
480	/location/administrative_division/first_level_division_of
481	/location/statistical_region/gdp_real./measurement_unit/adjusted_money_value/adjustment_currency
482	/organization/organization/child./organization/organization_relationship/child
483	/base/x2010fifaworldcupsouthafrica/world_cup_squad/current_world_cup_squad./base/x2010fifaworldcupsouthafrica/current_world_cup_squad/position
484	/business/business_operation/assets./measurement_unit/dated_money_value/currency
485	/government/governmental_body/members./government/government_position_held/district_represented
486	/music/group_member/vocal_range
487	/government/political_appointer/appointees./government/government_position_held/governmental_body
488	/olympics/olympic_games/athletes./olympics/olympic_athlete_affiliation/athlete
489	/geography/lake/cities
490	/time/event/includes_event
491	/time/event/instance_of_recurring_event
492	/venture_capital/venture_funded_company/venture_investors./venture_capital/venture_investment/investor
493	/military/military_person/service./military/military_service/military_force
494	/government/governmental_jurisdiction/official_symbols./location/location_symbol_relationship/symbol
495	/tv/non_character_role/tv_regular_personal_appearances./tv/tv_regular_personal_appearance/person
496	/base/americancomedy/impersonated_celebrity/impersonated_by
497	/sports/pro_athlete/teams./ice_hockey/hockey_previous_roster_position/team
498	/government/legislative_session/members./government/government_position_held/office_position_or_title
499	/government/government_office_category/officeholders./government/government_position_held/district_represented
500	/business/business_operation/operating_income./measurement_unit/dated_money_value/currency
501	/soccer/football_position/players
502	/people/ethnicity/languages_spoken
503	/american_football/football_team/historical_roster./american_football/football_historical_roster_position/player
504	/ice_hockey/hockey_team/current_roster./ice_hockey/hockey_roster_position/position
505	/base/localfood/seasonal_month/produce_available./base/localfood/produce_availability/produce
506	/base/americancomedy/celebrity_impressionist/celebrities_impersonated
507	/military/rank/used_by_services./military/military_service/military_force
508	/organization/organization/organization_type
509	/medicine/symptom/symptom_of
510	/education/field_of_study/subdiscipline_of
511	/education/university/fraternities_and_sororities
512	/government/political_appointer/appointees./government/government_position_held/office_position_or_title
513	/government/government_office_or_title/office_holders./government/government_position_held/legislative_sessions
514	/food/dietary_restriction/compatible_ingredients
515	/olympics/olympic_athlete/country./olympics/olympic_athlete_affiliation/olympics
516	/location/statistical_region/places_exported_to./location/imports_and_exports/exported_to
517	/business/board_member/organization_board_memberships./organization/organization_board_membership/organization
518	/olympics/olympic_athlete/medals_won./olympics/olympic_medal_honor/medalist
519	/film/film_production_designer/films_production_designed
520	/business/business_operation/net_profit./measurement_unit/dated_money_value/currency
521	/film/cinematographer/film
522	/military/military_combatant/force_deployments./military/force_strength/combatant
523	/government/government_office_or_title/office_holders./government/government_position_held/appointed_by
524	/computer/programming_language/influenced
525	/location/statistical_region/gdp_nominal./measurement_unit/dated_money_value/currency
526	/education/field_of_study/students_majoring./education/education/specialization
527	/basketball/basketball_position/player_roster_position./basketball/basketball_roster_position/player
528	/organization/organization_scope/organizations_with_this_scope
529	/sports/sports_award_winner/awards./sports/sports_award/award
530	/cvg/gameplay_mode/games_with_this_mode
531	/travel/travel_destination/how_to_get_here./travel/transportation/mode_of_transportation
532	/computer/programming_language_paradigm/languages
533	/baseball/baseball_player/position_s
534	/base/fashionmodels/fashion_model/hair_color
535	/military/armed_force/personnel./military/military_service/rank
536	/business/business_operation/current_assets./measurement_unit/dated_money_value/currency
537	/music/album/genre
538	/media_common/media_genre/parent_genre
539	/base/biblioness/bibs_location/city
540	/sports/sports_league_season/awards./sports/sports_award/award_winner
541	/baseball/baseball_team/current_roster./sports/sports_team_roster/position
542	/government/governmental_jurisdiction/governing_officials./government/government_position_held/office_holder
543	/location/neighborhood/neighborhood_of
544	/business/brand/owner_s./business/company_brand_relationship/company
545	/film/film/starring./film/performance/special_performance_type
546	/people/person/education./education/education/degree
547	/user/mt/default_domain/metabolite/associated_disorder
548	/olympics/olympic_athlete/country./olympics/olympic_athlete_affiliation/country
549	/location/country/official_language
550	/user/coco/science/concepts_theories/child_concept
551	/film/film/runtime./film/film_cut/type_of_film_cut
552	/location/location/partially_contains
553	/base/thoroughbredracing/thoroughbred_racehorse_origin/horses_from_this_location
554	/tv/tv_series_season/regular_cast./tv/regular_tv_appearance/series
555	/medicine/disease/treatments
556	/computer/programming_language/influenced_by
557	/base/fight/crime_type/people_convicted_of_this_crime./base/crime/criminal_conviction/convicted_person
558	/base/popstra/celebrity/supporter./base/popstra/support/supported_organization
559	/base/popstra/celebrity/religion./base/popstra/religion_choice/religion
560	/media_common/media_genre/child_genres
561	/film/film_job/films_with_this_crew_job./film/film_crew_gig/crewmember
562	/american_football/football_player/former_teams./sports/sports_team_roster/position
563	/time/recurring_event/instances
564	/base/thoroughbredracing/thoroughbred_racehorse/sex
565	/film/film/film_art_direction_by
566	/medicine/disease/medical_specialties
567	/people/person/spouse_s./people/marriage/location_of_ceremony
568	/education/university/international_tuition./measurement_unit/dated_money_value/currency
569	/film/person_or_entity_appearing_in_film/films./film/personal_film_appearance/film
570	/american_football/football_player/former_teams./american_football/football_historical_roster_position/team
571	/tv/tv_series_season/series
572	/government/politician/government_positions_held./government/government_position_held/governmental_body
573	/broadcast/genre/content
574	/award/hall_of_fame_inductee/hall_of_fame_inductions./award/hall_of_fame_induction/hall_of_fame
575	/baseball/baseball_player/current_team./sports/sports_team_roster/position
576	/language/human_language/language_family
577	/medicine/disease_cause/diseases
578	/geography/island/body_of_water
579	/olympics/olympic_sport/athletes./olympics/olympic_athlete_affiliation/athlete
580	/base/academyawards/host_of_oscar_show/oscar_show_hosted
581	/government/political_party/ideology
582	/symbols/name_source/namesakes
583	/film/film_festival/individual_festivals
584	/base/events/performer/performances./base/events/performance/performer
585	/baseball/baseball_team/historical_roster./sports/sports_team_roster/player
586	/government/governmental_body/members./government/government_position_held/appointed_by
587	/film/film_crewmember/films_crewed./film/film_crew_gig/film_crew_role
588	/base/parody/parodied_subject/parodies
589	/base/activism/activist/area_of_activism
590	/organization/organization_founder/organizations_founded
591	/aviation/aircraft_owner/aircraft_fleet_composition./aviation/aircraft_ownership_count/aircraft_model
592	/book/author/school_or_movement
593	/government/government_office_category/officeholders./government/government_position_held/appointed_by
594	/american_football/football_team/historical_roster./sports/sports_team_roster/player
595	/base/fight/crime_type/victims_of_this_crime_type
596	/olympics/olympic_participating_country/medals_won./olympics/olympic_medal_honor/medalist
597	/cvg/cvg_publisher/games_published
598	/film/film_character/portrayed_in_films_dubbed./film/dubbing_performance/language
599	/medicine/drug_ingredient/active_moiety_of_drug
600	/user/alexander/philosophy/philosopher/era
601	/government/government_office_category/officeholders./government/government_position_held/legislative_sessions
602	/user/alexander/philosophy/era/philosophers
603	/location/country/currency_used
604	/user/alexander/misc/murdered_person/place_murdered
605	/religion/religion/deities
606	/film/film/dubbing_performances./film/dubbing_performance/actor
607	/sports/pro_athlete/teams./american_football/football_historical_roster_position/team
608	/education/field_of_study/subdisciplines
609	/military/military_combatant/force_deployments./military/force_strength/military_conflict
610	/dataworld/gardening_hint/split_to
611	/broadcast/content/producer
612	/ice_hockey/hockey_team/historical_roster./ice_hockey/hockey_previous_roster_position/player
613	/celebrities/sexual_orientation/celebrities./celebrities/sexual_orientation_phase/celebrity
614	/base/popstra/celebrity/endorsements./base/popstra/paid_support/company
615	/base/localfood/produce/availability./base/localfood/produce_availability/seasonal_months
616	/film/film/dubbing_performances./film/dubbing_performance/language
617	/medicine/disease/risk_factors
618	/government/political_district/representatives./government/government_position_held/governmental_body
619	/media_common/dedicator/dedications./media_common/dedication/dedicated_to
620	/base/parody/parody/parody_of
621	/film/actor/film./film/performance/character
622	/location/location/partially_containedby
623	/people/place_of_interment/interred_here
624	/business/company_type/companies_of_this_type
625	/sports/sports_team/roster./basketball/basketball_historical_roster_position/player
626	/military/military_conflict/military_personnel_involved
627	/sports/sports_award_type/winners./sports/sports_award/award_winner
628	/medicine/disease/includes_diseases
629	/fictional_universe/fictional_character/powers_or_abilities
630	/award/award_presenting_organization/award_categories_presented
631	/business/business_operation/current_liabilities./measurement_unit/dated_money_value/currency
632	/olympics/olympic_games/medals_awarded./olympics/olympic_medal_honor/medalist
633	/basketball/basketball_player/position_s
634	/language/language_family/languages
635	/tv/tv_writer/episodes_written
636	/military/military_conflict/force_strengths./military/force_strength/combatant
637	/computer/programming_language/language_paradigms
638	/film/film/prequel
639	/base/thoroughbredracing/thoroughbred_racehorse_sex/horses_of_this_sex
640	/soccer/football_player/current_team./soccer/football_roster_position/position
641	/base/americancomedy/comedy_group_member/belongs_to./base/americancomedy/comedy_group_membership/group
642	/medicine/medical_treatment/used_to_treat
643	/sports/pro_athlete/teams./soccer/football_roster_position/position
644	/user/mt/default_domain/metabolite/biofluid_location
645	/medicine/disease/symptoms
646	/base/localfood/seasonal_month/produce_available./base/localfood/produce_availability/seasonal_months
647	/food/dish/ingredients
648	/user/alexbl/honorary_title/titled_person/honorary_title./user/alexbl/honorary_title/honorary_title_holding/honorary_title
649	/travel/travel_destination/how_to_get_here./travel/transportation/transport_operator
650	/tv/tv_character/appeared_in_tv_program./tv/regular_tv_appearance/actor
651	/base/locations/countries/continent
652	/royalty/chivalric_order_member/belongs_to_order./royalty/chivalric_order_membership/order
653	/royalty/kingdom/rulers
654	/government/government_agency/jurisdiction
655	/tv/tv_location/tv_shows_filmed_here
656	/film/actor/dubbing_performances./film/dubbing_performance/language
657	/tv/tv_program/filming_locations
658	/tv/tv_actor/starring_roles./tv/regular_tv_appearance/character
659	/basketball/basketball_team/roster./sports/sports_team_roster/player
660	/organization/organization/board_members./organization/organization_board_membership/member
661	/broadcast/content/artist
662	/government/government_office_or_title/governmental_body_if_any
663	/base/schemastaging/tv_program_extra/regular_dubbing_performances./base/schemastaging/tv_star_dubbing_performance/language
664	/food/diet/followers
665	/base/nobelprizes/nobel_subject_area/nobel_awards./base/nobelprizes/nobel_honor/nobel_prize_winner
666	/sports/sports_position/players./soccer/football_roster_position/player
667	/visual_art/art_subject/artwork_on_the_subject
668	/media_common/dedicatee/dedications./media_common/dedication/dedicated_by
669	/food/dish/cuisine
670	/tv/tv_program/regular_personal_appearances./tv/tv_regular_personal_appearance/appearance_type
671	/business/consumer_product/company./business/company_product_relationship/company
672	/medicine/drug/active_moieties
673	/military/military_conflict/casualties./military/casualties/combatant
674	/sports/professional_sports_team/draft_picks./sports/sports_league_draft_pick/player
675	/location/statistical_region/places_imported_from./location/imports_and_exports/imported_from
676	/geography/geographical_feature/category
677	/sports/pro_athlete/sports_played_professionally./sports/pro_sports_played/sport
678	/baseball/baseball_player/batting_stats./baseball/batting_statistics/season
679	/american_football/football_player/rushing./american_football/player_rushing_statistics/season
680	/location/place_with_neighborhoods/neighborhoods
681	/soccer/football_player/position_s
682	/military/military_person/service./military/military_service/rank
683	/base/popstra/celebrity/hangout./base/popstra/hangout/business_location
684	/military/military_combatant/casualties./military/casualties/military_conflict
685	/organization/organization/geographic_scope
686	/tv/tv_program/regular_cast./tv/regular_tv_appearance/seasons
687	/tennis/tennis_player/matches_lost./tennis/tennis_match/winner
688	/base/schemastaging/tv_program_extra/regular_dubbing_performances./base/schemastaging/tv_star_dubbing_performance/actor
689	/base/schemastaging/tv_character_extra/regular_dubbing_performances./base/schemastaging/tv_star_dubbing_performance/language
690	/military/rank/used_by_services./military/military_service/military_person
691	/education/academic/advisees
692	/travel/tourist_attraction/near_travel_destination
693	/music/voice/singers
694	/organization/role/leaders./organization/leadership/person
695	/base/yalebase/secret_society/notable_members./base/yalebase/secret_society_membership/member
696	/military/military_combatant/military_commanders./military/military_command/military_conflict
697	/military/armed_force/personnel./military/military_service/military_person
698	/education/educational_institution/sports_teams
699	/media_common/adapted_work/adaptations
700	/award/hall_of_fame_discipline/halls_of_fame
701	/user/szaijan/fantasy_football/player/nfl_team
702	/government/legislative_session/members./government/government_position_held/basic_title
703	/religion/religion/organizations
704	/military/military_commander/military_commands./military/military_command/military_conflict
705	/base/contractbridge/bridge_player/first_place_finish./base/contractbridge/bridge_tournament_standings/first_place
706	/sports/sports_team/roster./basketball/basketball_roster_position/player
707	/fictional_universe/fictional_character/based_on
708	/organization/organization/board_members./organization/organization_board_membership/role
709	/baseball/baseball_player/lifetime_batting_statistics./baseball/lifetime_batting_statistics/starting_season
710	/basketball/basketball_player/team./basketball/basketball_roster_position/position
711	/finance/currency/countries_formerly_used
712	/language/human_language/region
713	/sports/sports_award_winner/awards./sports/sports_award/team
714	/aviation/airport/focus_city_for
715	/aviation/airline/airports_served./aviation/airline_airport_presence/cities_served
716	/tv/tv_program_guest/appeared_on./tv/tv_guest_personal_appearance/appearance_type
717	/film/film_casting_director/films_casting_directed
718	/people/ethnicity/includes_groups
719	/award/long_list_nominee/long_list_nominations./award/long_list_nomination/award
720	/travel/transport_terminus/travel_destinations_served./travel/transportation/mode_of_transportation
721	/location/statistical_region/gni_per_capita_in_ppp_dollars./measurement_unit/dated_money_value/currency
722	/base/schemastaging/tv_actor_extra/regular_dubbing_performances./base/schemastaging/tv_star_dubbing_performance/character
723	/book/book/genre
724	/education/field_of_study/students_majoring./education/education/minor
725	/comic_books/comic_book_character/created_by
726	/sports/sports_position/players./basketball/basketball_roster_position/player
727	/base/schemastaging/tv_actor_extra/regular_dubbing_performances./base/schemastaging/tv_star_dubbing_performance/language
728	/base/wrestling/solo_wrestler_or_team/members
729	/sports/pro_athlete/teams./american_football/football_historical_roster_position/position_s
730	/base/onephylogeny/type_of_thing/includes
731	/sports/sports_championship_event/champion
732	/aviation/airport/airlines./aviation/airline_airport_presence/airline
733	/music/instrument/variation
734	/base/x2010fifaworldcupsouthafrica/world_cup_participant/world_cup_team./base/x2010fifaworldcupsouthafrica/current_world_cup_squad/position
735	/computer/software/license
736	/base/eating/diets/people_who_follow_this_diet
737	/education/academic/appointments_fellowships_etc./education/academic_post/institution
738	/fictional_universe/fictional_character/employers./fictional_universe/fictional_employment_tenure/title
739	/fictional_universe/fictional_character/married_to./fictional_universe/marriage_of_fictional_characters/spouses
740	/business/board_member/leader_of./organization/leadership/role
741	/film/film_festival_event/festival
742	/sports/pro_athlete/teams./baseball/baseball_roster_position/team
743	/base/fight/sports_official/sport
744	/basketball/basketball_team/roster./basketball/basketball_roster_position/player
745	/education/educational_institution/mascot
746	/visual_art/visual_artist/art_forms
747	/user/robert/us_congress/congressional_caucus/current_house_members
748	/base/contractbridge/bridge_player/second_place_finish./base/contractbridge/bridge_tournament_standings/second_place
749	/base/popstra/celebrity/eats_at./base/popstra/restaurant_choice/restaurant
750	/sports/sports_team/roster./american_football/football_historical_roster_position/player
751	/user/alexbl/honorary_title/honorary_title/titled_people./user/alexbl/honorary_title/honorary_title_holding/conferred_upon
752	/sports/sports_league/sport
753	/user/tfmorris/default_domain/document/signatories
754	/sports/pro_athlete/teams./basketball/basketball_roster_position/team
755	/film/special_film_performance_type/film_performance_type./film/performance/character
756	/broadcast/radio_format/stations
757	/fictional_universe/character_gender/characters_of_this_gender
758	/astronomy/orbital_relationship/orbits
759	/astronomy/orbital_relationship/orbited_by
760	/base/contractbridge/bridge_player/second_place_finish./base/contractbridge/bridge_tournament_standings/first_place
761	/american_football/football_position/players
762	/fictional_universe/fictional_character/gender
763	/government/political_ideology/political_parties
764	/government/legislative_session/legislature
765	/base/popstra/business_location/customer./base/popstra/hangout/customer
766	/user/lindenb/default_domain/scientist/known_for
767	/film/film/gross_revenue./measurement_unit/dated_money_value/currency
768	/fictional_universe/fictional_character_creator/fictional_characters_created
769	/government/political_district/representatives./government/government_position_held/basic_title
770	/people/ethnicity/included_in_group
771	/film/film/film_casting_director
772	/government/government_office_category/offices
773	/government/government_office_category/officeholders./government/government_position_held/governmental_body
774	/basketball/basketball_player/former_teams./sports/sports_team_roster/team
775	/computer/computer_manufacturer_brand/computer_models
776	/base/popstra/company/fashion_choice./base/popstra/fashion_choice/fashion_wearer
777	/basketball/basketball_player/former_teams./basketball/basketball_historical_roster_position/team
778	/baseball/baseball_player/lifetime_batting_statistics./baseball/lifetime_batting_statistics/last_statistics_season
779	/biology/organism_classification/rank
780	/tennis/tennis_player/matches_won./tennis/tennis_match/loser
781	/business/sponsor/sponsorship./business/sponsorship/sponsored_recipient
782	/organization/organization_sector/organizations_in_this_sector
783	/base/popstra/celebrity/bought./base/popstra/product_choice/product
784	/organization/organization/product_of_merger./organization/organization_merger/organizations_merging
785	/music/group_member/artists_supported
786	/sports/sports_championship_event/championship
787	/book/newspaper/circulation_areas
788	/government/governmental_body/members./government/government_position_held/basic_title
789	/sports/sports_championship/events
790	/user/tfmorris/default_domain/signatory/documents_signed
791	/government/governmental_jurisdiction/agencies
792	/music/artist/supporting_artists
793	/government/governmental_jurisdiction/governing_officials./government/government_position_held/legislative_sessions
794	/sports/school_sports_team/school
795	/protected_sites/site_listing_category/listed_sites./protected_sites/natural_or_cultural_site_listing/listed_site
796	/internet/website_owner/websites_owned_new./internet/website_ownership/website
797	/religion/religion/notable_figures
798	/tv/tv_program/episodes
799	/soccer/football_player/current_team./sports/sports_team_roster/position
800	/user/szaijan/fantasy_football/player/position
801	/common/resource/annotations./common/webpage/category
802	/media_common/literary_genre/books_in_this_genre
803	/soccer/football_team/manager./soccer/football_team_management_tenure/manager
804	/travel/transport_terminus/travel_destinations_served./travel/transportation/travel_destination
805	/tv/tv_network/areas_served
806	/protected_sites/listed_site/designation_as_natural_or_cultural_site./protected_sites/natural_or_cultural_site_listing/category_or_criteria
807	/government/government_office_or_title/office_holders./government/government_position_held/jurisdiction_of_office
808	/olympics/olympic_athlete/medals_won./olympics/olympic_medal_honor/country
809	/visual_art/visual_artist/associated_periods_or_movements
810	/music/instrument/family
811	/tv/tv_character/appeared_in_tv_episodes./tv/tv_guest_role/actor
812	/basketball/basketball_team/historical_roster./basketball/basketball_historical_roster_position/player
813	/government/governmental_body/members./government/government_position_held/jurisdiction_of_office
814	/government/governmental_body/jurisdiction
815	/government/political_district/representatives./government/government_position_held/office_holder
816	/user/robert/us_congress/us_representative/committee_memberships
817	/visual_art/visual_art_form/artists
818	/music/artist/album
819	/government/government_office_or_title/category
820	/american_football/football_coach_position/coaches_holding_this_position./american_football/football_historical_coach_position/team
821	/award/award_presenting_organization/awards_presented
822	/computer/software_genre/software_in_genre
823	/base/x2010fifaworldcupsouthafrica/world_cup_participant/world_cup_team./base/x2010fifaworldcupsouthafrica/current_world_cup_squad/current_club
824	/baseball/baseball_position/players
825	/people/appointer/appointment_made./people/appointment/appointed_role
826	/tv/special_tv_performance_type/starring_performances./tv/regular_tv_appearance/series
827	/sports/sports_league_season/awards./sports/sports_award/award
828	/sports/sports_award_type/winners./sports/sports_award/season
829	/visual_art/art_period_movement/associated_artists
830	/people/family_member/family
831	/organization/role/governors./organization/organization_board_membership/organization
832	/soccer/football_player/goals_scored./soccer/football_goal/point_awarded_to
833	/computer/software_developer/software
834	/media_common/dedicatee/dedications./media_common/dedication/work_dedicated
835	/soccer/football_team/league./soccer/football_league_participation/league
836	/business/sponsored_recipient/sponsorship./business/sponsorship/sponsored_by
837	/religion/religious_organization/associated_with
838	/base/contractbridge/bridge_player/teammates./base/contractbridge/bridge_player_teammates/teammate
839	/american_football/football_player/former_teams./american_football/football_historical_roster_position/position_s
840	/architecture/building_function/buildings
841	/business/board_member/leader_of./organization/leadership/organization
842	/film/film/film_series
843	/sports/sport/leagues
844	/military/military_conflict/commanders./military/military_command/military_commander
845	/dining/cuisine/ingredients
846	/government/politician/government_positions_held./government/government_position_held/district_represented
847	/fictional_universe/fictional_character/character_created_by
848	/sports/sports_team/championships
849	/government/politician/government_positions_held./government/government_position_held/jurisdiction_of_office
850	/sports/sports_team/season_record./sports/sports_team_season_record/season
851	/government/governmental_jurisdiction/governing_officials./government/government_position_held/appointed_by
852	/biology/organism_classification_rank/organism_classifications
853	/ice_hockey/hockey_position/players
854	/sports/sports_award_winner/awards./sports/sports_award/season
855	/broadcast/content/genre
856	/organization/organization/spun_off_from./organization/organization_spin_off/parent_company
857	/organization/organization/involved_in_merger./organization/organization_merger/became_organization
858	/broadcast/broadcast/area_served
859	/business/consumer_company/brands./business/company_brand_relationship/brand
860	/tv/tv_actor/guest_roles./tv/tv_guest_role/episodes_appeared_in
861	/american_football/football_player/current_team./sports/sports_team_roster/team
862	/geography/river/cities
863	/dining/cuisine/dishes
864	/language/language_dialect/language
865	/fictional_universe/fictional_setting/works_set_here
866	/base/crime/crime_victim/crime
867	/religion/religion/includes
868	/time/event/included_in_event
869	/film/film_character/portrayed_in_films_dubbed./film/dubbing_performance/film
870	/projects/project_role/projects./projects/project_participation/participant
871	/education/field_of_study/academics_in_this_field
872	/base/events/type_of_festival/recurring_festivals_of_this_type
873	/basketball/basketball_player/team./sports/sports_team_roster/team
874	/sports/drafted_athlete/drafted./sports/sports_league_draft_pick/school
875	/aviation/airline/airports_served./aviation/airline_airport_presence/airport
876	/geography/body_of_water/islands
877	/basketball/basketball_player/team./sports/sports_team_roster/position
878	/comic_books/comic_book_creator/characters_created
879	/transportation/road/end2./transportation/road_starting_point/location
880	/sports/pro_athlete/teams./american_football/football_roster_position/position
881	/government/governmental_jurisdiction/government_positions
882	/architecture/architectural_style/architects
883	/tv/tv_actor/guest_roles./tv/tv_guest_role/special_performance_type
884	/astronomy/celestial_object_category/objects
885	/architecture/structure/architect
886	/cvg/computer_videogame/publisher
887	/sports/sports_position/players./american_football/football_historical_roster_position/player
888	/geography/island/island_group
889	/baseball/baseball_player/former_teams./baseball/baseball_historical_roster_position/team
890	/base/localfood/food_producing_region/seasonal_availability./base/localfood/produce_availability/produce
891	/book/author/works_written
892	/tv/tv_series_season/regular_cast./tv/regular_tv_appearance/actor
893	/fictional_universe/fictional_universe/works_set_here
894	/religion/religion/places_of_worship
895	/government/governmental_jurisdiction/governing_officials./government/government_position_held/district_represented
896	/biology/animal_breed/registered_with./biology/breed_registration/breed_group
897	/cvg/computer_videogame/game_series
898	/olympics/olympic_athlete/country./olympics/olympic_athlete_affiliation/sport
899	/tv/special_tv_performance_type/starring_performances./tv/regular_tv_appearance/character
900	/cvg/cvg_genre/games
901	/sports/pro_athlete/teams./baseball/baseball_historical_roster_position/team
902	/base/petbreeds/dog_breed/size./base/petbreeds/dog_size/gender
903	/olympics/olympic_medal/medal_winners./olympics/olympic_medal_honor/medalist
904	/basketball/basketball_player/player_statistics./basketball/basketball_player_stats/team
905	/base/popstra/celebrity/wears./base/popstra/fashion_choice/designer
906	/base/famouspets/pet_owner/pets_owned./base/famouspets/pet_ownership/owner
907	/government/government_office_or_title/jurisdiction
908	/government/governmental_body/members./government/government_position_held/office_position_or_title
909	/base/thoroughbredracing/thoroughbred_racehorse/color
910	/tv/tv_program/regular_cast./tv/regular_tv_appearance/character
911	/base/americancomedy/comedian/comedy_genres
912	/travel/transport_operator/travel_destinations_served./travel/transportation/transport_operator
913	/aviation/airline_alliance/member_airlines
914	/base/events/festival_series/type_of_festival
915	/tv/tv_series_episode/series
916	/government/government_office_or_title/office_holders./government/government_position_held/basic_title
917	/broadcast/radio_station/owner
918	/geography/river/basin_countries
919	/computer/operating_system/includes_os_versions
920	/american_football/football_player/passing./american_football/player_passing_statistics/season
921	/architecture/structure/architectural_style
922	/tv/tv_program/subjects
923	/tv/tv_actor/starring_roles./tv/regular_tv_appearance/seasons
924	/music/genre/albums
925	/cvg/computer_videogame/subjects
926	/film/film/personal_appearances./film/personal_film_appearance/type_of_appearance
927	/sports/tournament_event_competitor/events_competed_in./sports/competitor_competition_relationship/country
928	/tv/tv_series_episode/guest_stars./tv/tv_guest_role/actor
929	/cvg/cvg_developer/games_developed
930	/fictional_universe/fictional_universe/characters
931	/award/hall_of_fame_inductee/hall_of_fame_inductions./award/hall_of_fame_induction/category
932	/sports/drafted_athlete/drafted./sports/sports_league_draft_pick/team
933	/american_football/football_player/games./american_football/player_game_statistics/team
934	/base/popstra/company/shopping_choice./base/popstra/shopping_choice/shopper
935	/venture_capital/venture_investor/investments./venture_capital/venture_investment/company
936	/government/governmental_jurisdiction/government_bodies
937	/people/deceased_person/place_of_cremation
938	/celebrities/celebrity/sexual_orientation./celebrities/sexual_orientation_phase/sexual_orientation
939	/education/school/lowest_grade_taught
940	/tv/tv_character/appeared_in_tv_program./tv/regular_tv_appearance/special_performance_type
941	/organization/role/governors./organization/organization_board_membership/member
942	/tv/non_character_role/tv_guest_personal_appearances./tv/tv_guest_personal_appearance/person
943	/government/government_office_or_title/office_holders./government/government_position_held/governmental_body
944	/location/location/nearby_airports
945	/tv/non_character_role/tv_regular_personal_appearances./tv/tv_regular_personal_appearance/program
946	/medicine/disease/prevention_factors
947	/book/written_work/subjects
948	/cvg/computer_videogame/gameplay_modes
949	/government/governmental_body/offices_positions
950	/film/personal_film_appearance_type/film_appearances./film/personal_film_appearance/film
951	/biology/breed_registry/recognized_breeds./biology/breed_registration/breed
952	/award/hall_of_fame_induction_category/inductees./award/hall_of_fame_induction/inductee
953	/film/actor/dubbing_performances./film/dubbing_performance/character
954	/base/localfood/produce/availability./base/localfood/produce_availability/location
955	/base/popstra/restaurant/restaurant_choice./base/popstra/restaurant_choice/diner
956	/sports/sports_team/roster./american_football/football_roster_position/player
957	/base/crime/crime_victim/crime_type
958	/computer/operating_system_developer/operating_systems_developed
959	/religion/religion/is_part_of
960	/biology/animal_breed/place_of_origin
961	/user/narphorium/people/wealthy_person/net_worth./measurement_unit/dated_money_value/currency
962	/base/schemastaging/organization_extra/phone_number./base/schemastaging/phone_sandbox/product_or_service
963	/travel/transport_operator/travel_destinations_served./travel/transportation/mode_of_transportation
964	/medicine/drug/legal_status
965	/tv/tv_program/spin_offs
966	/broadcast/producer/produces
967	/media_common/adaptation/adapted_from
968	/american_football/football_player/rushing./american_football/player_rushing_statistics/team
969	/tv/tv_character/appeared_in_tv_program./tv/regular_tv_appearance/series
970	/cvg/game_character/games./cvg/game_performance/game
971	/soccer/football_player/matches_played./soccer/football_player_match_participation/team
972	/government/government_office_category/officeholders./government/government_position_held/office_position_or_title
973	/ice_hockey/hockey_player/former_team_s./ice_hockey/hockey_previous_roster_position/team
974	/computer/software/developer
975	/fictional_universe/fictional_setting/fictional_characters_born_here
976	/aviation/airline/alliance
977	/baseball/baseball_league/teams
978	/olympics/olympic_athlete/medals_won./olympics/olympic_medal_honor/olympics
979	/games/game_genre/boardgames
980	/basketball/basketball_player/team./basketball/basketball_roster_position/team
981	/base/rugby/rugby_player/type_of_rugby
982	/government/governmental_jurisdiction/governing_officials./government/government_position_held/office_position_or_title
983	/medicine/infectious_disease/infectious_agent_type
984	/baseball/baseball_player/current_team./baseball/baseball_roster_position/position
985	/tv/tv_series_season/regular_cast./tv/regular_tv_appearance/seasons
986	/biology/domesticated_animal/breeds
987	/cvg/computer_videogame/cvg_genre
988	/film/film/dubbing_performances./film/dubbing_performance/character
989	/biology/breed_origin/breeds_originating_here
990	/religion/deity/deity_of
991	/fictional_universe/work_of_fiction/setting
992	/broadcast/radio_station/format
993	/sports/sports_championship_event/runner_up
994	/film/film_character/portrayed_in_films./film/performance/special_performance_type
995	/computer/operating_system/developer
996	/food/ingredient/incompatible_with_dietary_restrictions
997	/architecture/type_of_museum/museums
998	/american_football/football_player/games./american_football/player_game_statistics/season
999	/computer/programming_language_designer/languages_designed
1000	/baseball/baseball_team/current_roster./baseball/baseball_roster_position/player
1001	/book/periodical_subject/periodicals
1002	/ice_hockey/hockey_player/former_team_s./sports/sports_team_roster/team
1003	/organization/organization/leadership./organization/leadership/person
1004	/base/nobelprizes/nobel_subject_area/nobel_awards./base/nobelprizes/nobel_honor/subject_area
1005	/royalty/noble_title/holders./royalty/noble_title_tenure/noble_person
1006	/ice_hockey/hockey_team/historical_roster./sports/sports_team_roster/player
1007	/basketball/basketball_position/players
1008	/base/argumentmaps/morally_disputed_activity/instance_of_abstract_moral_dispute
1009	/base/contractbridge/bridge_player/second_place_finish./base/contractbridge/bridge_tournament_standings/tournament
1010	/base/fight/sentence/convictions./base/crime/criminal_conviction/convicted_person
1011	/sports/professional_sports_team/owner_s
1012	/ice_hockey/hockey_player/current_team./sports/sports_team_roster/position
1013	/aviation/airline/hubs
1014	/common/annotation_category/annotations
1015	/location/it_province/capital
1016	/tv/tv_actor/guest_roles./tv/tv_guest_role/character
1017	/architecture/architect/architectural_style
1018	/base/schemastaging/tv_program_extra/regular_dubbing_performances./base/schemastaging/tv_star_dubbing_performance/character
1019	/baseball/baseball_team/league
1020	/organization/organization/spin_offs./organization/organization_spin_off/child_company
1021	/film/film_featured_song/performed_by
1022	/computer/computer/compatible_oses./computer/os_compatibility/operating_system
1023	/dining/cuisine/restaurant
1024	/base/fashionmodels/hair_color/fashion_models_with_this_hair_color
1025	/film/film_company/films./film/film_film_company_relationship/film
1026	/base/argumentmaps/abstract_moral_dispute/particular_instances
1027	/sports/sports_team_owner/teams_owned
1028	/location/country/currency_formerly_used
1029	/user/tsegaran/computer/algorithm/family
1030	/base/petbreeds/dog_breed/group
1031	/book/book_subject/works
1032	/comic_books/comic_book_creator/series_created
1033	/base/contractbridge/bridge_tournament/standing./base/contractbridge/bridge_tournament_standings/second_place
1034	/aviation/airport/serves
1035	/film/film/other_film_companies./film/film_film_company_relationship/film_company
1036	/cvg/computer_game_subject/games
1037	/architecture/structure/address./location/mailing_address/citytown
1038	/travel/transport_operator/travel_destinations_served./travel/transportation/travel_destination
1039	/biology/animal_breed/breed_of
1040	/government/governmental_body/component_bodies
1041	/geography/lake_type/lakes_of_this_type
1042	/sports/pro_athlete/teams./baseball/baseball_roster_position/position
1043	/cvg/computer_videogame/characters./cvg/game_performance/character
1044	/music/album/artist
1045	/people/appointee/position./people/appointment/appointed_role
1046	/education/school_district/schools
1047	/aviation/airport/hub_for
1048	/computer/software/compatible_oses./computer/software_compatibility/operating_system
1049	/astronomy/star_system_body/star_system
1050	/fictional_universe/character_powers/characters_with_this_ability
1051	/architecture/architectural_style/examples
1052	/sports/sports_position/players./ice_hockey/hockey_roster_position/player
1053	/martial_arts/martial_artist/martial_art
1054	/fictional_universe/work_of_fiction/part_of_these_fictional_universes
1055	/base/schemastaging/tv_character_extra/regular_dubbing_performances./base/schemastaging/tv_star_dubbing_performance/program
1056	/geography/geographical_feature_category/features
1057	/american_football/football_team/historical_coaching_staff./american_football/football_historical_coach_position/position
1058	/religion/religion/texts
1059	/media_common/dedicated_work/dedication./media_common/dedication/dedicated_to
1060	/film/film_festival/location
1061	/theater/theater_character/portrayed_by./theater/theater_role/actor
1062	/chemistry/chemical_compound/solubility./chemistry/solubility_relationship/solvent
1063	/base/x2010fifaworldcupsouthafrica/world_cup_participant/world_cup_team./base/x2010fifaworldcupsouthafrica/current_world_cup_squad/national_team
1064	/biology/organism_classification/organisms_of_this_type
1065	/sports/sports_team/roster./baseball/baseball_roster_position/player
1066	/architecture/building/building_function
1067	/theater/theater_genre/plays_in_this_genre
1068	/religion/religion/practices
1069	/base/ecology/ecosystem/ecosystem_members
1070	/internet/website/category
1071	/law/inventor/inventions
1072	/fictional_universe/character_species/characters_of_this_species
1073	/periodicals/newspaper_circulation_area/newspapers
1074	/soccer/football_team_manager/team./soccer/football_team_management_tenure/team
1075	/base/newsevents/news_reporting_organisation/news_reports./base/newsevents/news_report/event
1076	/people/appointed_role/appointment./people/appointment/appointed_by
1077	/baseball/baseball_player/current_team./baseball/baseball_roster_position/team
1078	/education/academic/research_areas
1079	/user/robert/us_congress/us_representative/congressional_caucus_memberships
1080	/tv/tv_series_episode/guest_personal_appearances./tv/tv_guest_personal_appearance/person
1081	/broadcast/content/language
1082	/book/magazine/genre
1083	/book/written_work/author
1084	/baseball/baseball_player/current_team./sports/sports_team_roster/team
1085	/music/concert_tour/artist
1086	/base/crime/convicted_criminal/convictions./base/crime/criminal_conviction/sentence_type
1087	/medicine/medical_treatment/side_effects
1088	/common/webpage/category
1089	/tv/tv_program_guest/appeared_on./tv/tv_guest_personal_appearance/episode
1090	/medicine/icd_9_cm_classification/includes_classifications
1091	/base/yalebase/secret_society_member/belonged_to./base/yalebase/secret_society_membership/society
1092	/travel/transport_terminus/travel_destinations_served./travel/transportation/transport_terminus
1093	/geography/lake/basin_countries
1094	/internet/website_category/sites
1095	/base/schemastaging/tv_character_extra/regular_dubbing_performances./base/schemastaging/tv_star_dubbing_performance/actor
1096	/fictional_universe/fictional_character/children
1097	/education/school/highest_grade_taught
1098	/royalty/monarch/kingdom
1099	/base/collectives/collective/members./base/collectives/collective_membership/member
1100	/fictional_universe/fictional_character/place_of_birth
1101	/base/infrastructure/power_station/fuel_type
1102	/base/fight/crime_type/includes_crimes
1103	/fictional_universe/fictional_job_title/fictional_characters_with_this_job./fictional_universe/fictional_employment_tenure/employee
1104	/broadcast/broadcast/content
1105	/common/topic/webpage./common/webpage/resource
1106	/comic_books/comic_book_character/primary_universe
1107	/book/periodical_format/periodicals_in_this_format./book/periodical_format_period/periodical
1108	/geography/river/mouth
1109	/organization/organization/involved_in_merger./organization/organization_merger/organizations_merging
1110	/sports/pro_athlete/teams./basketball/basketball_roster_position/position
1111	/base/endorsements/endorsee/newspaper_endorsements./base/endorsements/newspaper_endorsement/newspaper
1112	/american_football/football_coach_position/coaches_holding_this_position./american_football/football_historical_coach_position/coach
1113	/comic_books/comic_book_character/regular_featured_appearances
1114	/broadcast/broadcast/distributor
1115	/exhibitions/exhibition_sponsor/exhibitions_sponsored./exhibitions/exhibition_run/sponsor
1116	/architecture/museum/address./location/mailing_address/state_province_region
1117	/basketball/basketball_position/player_roster_position./sports/sports_team_roster/player
1118	/location/statistical_region/population./measurement_unit/dated_integer/source
1119	/royalty/monarch/royal_line
1120	/theater/play/lyricist
1121	/sports/sports_team/roster./ice_hockey/hockey_roster_position/player
1122	/martial_arts/martial_art/well_known_practitioner
1123	/education/academic/advisors
1124	/location/location/street_address./location/mailing_address/citytown
1125	/film/film_series/films_in_series
1126	/military/military_post/used_by_armed_forces./military/military_post_use/armed_force
1127	/user/robert/us_congress/house_committee/current_members
1128	/aviation/aircraft_model/number_owned_by./aviation/aircraft_ownership_count/aircraft_owner
1129	/base/contractbridge/bridge_tournament/standing./base/contractbridge/bridge_tournament_standings/first_place
1130	/award/award_category/long_lists./award/long_list_nomination/nominee
1131	/broadcast/content/broadcast
1132	/royalty/noble_title/noble_rank
1133	/cvg/computer_videogame/sequel
1134	/user/robert/military/military_person/participated_in_conflicts
1135	/religion/religious_text/religious_text_of
1136	/fictional_universe/person_in_fiction/representations_in_fiction
1137	/base/crime/convicted_criminal/convictions./base/crime/criminal_conviction/guilty_of
1138	/ice_hockey/hockey_player/current_team./sports/sports_team_roster/team
1139	/theater/play/country_of_origin
1140	/biology/organism_classification/higher_classification
1141	/cvg/computer_videogame/developer
1142	/food/dietary_restriction/incompatible_ingredients
1143	/base/bioventurist/science_or_technology_company/develops_treatments_for_disease
1144	/base/endorsements/endorsing_newspaper/endorsements./base/endorsements/newspaper_endorsement/election
1145	/visual_art/visual_art_form/artworks
1146	/metropolitan_transit/transit_line/service_type
1147	/sports/pro_athlete/teams./ice_hockey/hockey_roster_position/team
1148	/transportation/bridge/bridge_type
1149	/tennis/tennis_tournament_champion/tennis_titles./tennis/tennis_tournament_championship/winner
1150	/media_common/dedicator/dedications./media_common/dedication/work_dedicated
1151	/base/onephylogeny/type_of_thing/things_of_this_type
1152	/food/ingredient/dishes
1153	/base/fight/crime_type/included_in_crimes
1154	/fictional_universe/character_rank/characters_of_this_rank
1155	/projects/project_participant/projects./projects/project_participation/role
1156	/base/crime/crime/victim_s
1157	/aviation/aircraft_type/aircraft_of_this_type
1158	/sports/drafted_athlete/drafted./sports/sports_league_draft_pick/draft
1159	/base/activism/activism_issue/activist_organizations
1160	/biology/breed_group/breeds_in_this_group./biology/breed_registration/breed
1161	/award/recurring_competition/individual_competitions
1162	/award/competition/instance_of_recurring_competition
1163	/book/author/series_written_or_contributed_to
1164	/sports/pro_athlete/teams./american_football/football_roster_position/team
1165	/visual_art/artwork/art_subject
1166	/base/schemastaging/fish/found_in
1167	/media_common/dedicated_work/dedication./media_common/dedication/dedicated_by
1168	/geography/island_group/islands_in_group
1169	/base/collectives/collective_member/member_of./base/collectives/collective_membership/collective
1170	/base/endorsements/endorsing_newspaper/endorsements./base/endorsements/newspaper_endorsement/endorsee
1171	/government/governmental_body/body_this_is_a_component_of
1172	/base/thoroughbredracing/thoroughbred_racehorse/country
1173	/royalty/royal_line/monarchs_from_this_line
1174	/biology/organism/sex
1175	/base/activism/organization/area_of_activism
1176	/comic_books/comic_book_fictional_universe/characters_primarily_appearing_in_this_universe
1177	/tv/tv_subject/tv_programs
1178	/book/magazine_genre/magazines_in_this_genre
1179	/fictional_universe/fictional_character/romantically_involved_with./fictional_universe/romantic_involvement/partner
1180	/user/szaijan/fantasy_football/position/player
1181	/medicine/drug_ingredient/more_specific_ingredient
1182	/broadcast/radio_station_owner/radio_stations
1183	/religion/place_of_worship/religion
1184	/aviation/airline/focus_cities
1185	/sports/sport/related_equipment
1186	/tv/tv_producer/tv_episodes_produced./tv/tv_producer_episode_credit/episode
1187	/broadcast/tv_station/owner
1188	/biology/animal_breed/registered_with./biology/breed_registration/registry
1189	/fictional_universe/fictional_character/siblings./fictional_universe/sibling_relationship_of_fictional_characters/siblings
1190	/medicine/type_of_infectious_agent/diseases
1191	/base/contractbridge/bridge_player/first_place_finish./base/contractbridge/bridge_tournament_standings/tournament
1192	/sports/sports_facility/teams
1193	/user/radiusrs/default_domain/astrology/related_topics
1194	/comic_books/comic_book_publisher/comic_book_series_published
1195	/education/fraternity_sorority/founded_location
1196	/american_football/football_player/passing./american_football/player_passing_statistics/team
1197	/dining/restaurant/cuisine
1198	/architecture/structure/address./location/mailing_address/state_province_region
1199	/military/armed_force/military_posts./military/military_post_use/military_post
1200	/american_football/football_team/current_roster./sports/sports_team_roster/player
1201	/sports/sport_country/athletic_performances./sports/competitor_competition_relationship/competitors
1202	/spaceflight/space_agency/astronauts
1203	/sports/sports_official/sport
1204	/education/fraternity_sorority/colors
1205	/theater/play/genre
1206	/transportation/bridge/locale
1207	/geography/lake/lake_type
1208	/fictional_universe/fictional_character/appears_in_these_fictional_universes
1209	/tv/tv_series_episode/producers./tv/tv_producer_episode_credit/producer
1210	/religion/religious_organization/leaders./religion/religious_organization_leadership/leader
1211	/american_football/football_player/receiving./american_football/player_receiving_statistics/team
1212	/interests/collection_category/sub_categories
1213	/medicine/drug/drug_class
1214	/baseball/baseball_player/lifetime_batting_statistics./baseball/lifetime_batting_statistics/ending_season
1215	/base/onephylogeny/type_of_thing/included_in
1216	/tv/tv_program/seasons
1217	/base/patronage/patron/related_client./base/patronage/patron_client_relationship/client
1218	/cvg/cvg_designer/games_designed
1219	/internet/website/owner_new./internet/website_ownership/owner
1220	/education/school_mascot/school
1221	/base/argumentmaps/innovator/original_ideas
1222	/protected_sites/iucn_category/protected_areas
1223	/food/ingredient/cuisine
1224	/broadcast/content/location
1225	/book/periodical/subjects
1226	/user/tsegaran/computer/algorithm_family/algorithm
1227	/sports/sports_league_draft/picks./sports/sports_league_draft_pick/player
1228	/visual_art/visual_art_genre/artworks
1229	/religion/religious_leader/religious_leadership./religion/religious_organization_leadership/organization
1230	/royalty/noble_person/titles./royalty/noble_title_tenure/noble_title
1231	/tv/tv_series_episode/writer
1232	/ice_hockey/hockey_player/current_team./ice_hockey/hockey_roster_position/team
1233	/education/academic_institution/visiting_scholars_fellows_etc./education/academic_post/person
1234	/interests/collection_category/parent_category
1235	/metropolitan_transit/transit_system/area_served
1236	/common/topic/webpage./common/webpage/topic
1237	/broadcast/distributor/distributes
1238	/education/school_district/locations_served
1239	/business/asset/owners./business/asset_ownership/owner
1240	/common/topic/subject_of
1241	/medicine/condition_prevention_factors/conditions_this_may_prevent
1242	/ice_hockey/hockey_team/current_roster./sports/sports_team_roster/player
1243	/american_football/football_coach/coaching_history./american_football/football_historical_coach_position/team
1244	/computer/software/languages_used
1245	/government/election/office
1246	/astronomy/star_system/planetary_system
1247	/user/robert/us_congress/congressional_district/state
1248	/sports/sport/officials
1249	/sports/sports_team/roster./ice_hockey/hockey_previous_roster_position/player
1250	/computer/programming_language/dialects
1251	/protected_sites/protected_site/iucn_category
1252	/business/asset_owner/assets_owned./business/asset_ownership/owned_asset
1253	/sports/sports_equipment/sport_used_for
1254	/exhibitions/exhibition_sponsor/exhibitions_sponsored./exhibitions/exhibition_run/venue
1255	/book/newspaper/headquarters./location/mailing_address/citytown
1256	/fictional_universe/fictional_character/rank
1257	/royalty/noble_title/used_in./royalty/system_title_relationship/system
1258	/biology/organism_classification/lower_classifications
1259	/baseball/baseball_team/current_roster./sports/sports_team_roster/player
1260	/base/thoroughbredracing/thoroughbred_racehorse_color/horses_of_this_color
1261	/user/robert/us_congress/us_representative/state
1262	/base/patronage/client/related_patron./base/patronage/patron_client_relationship/patron
1263	/education/school/school_district
1264	/base/usnationalparks/us_national_park/state
1265	/travel/travel_destination/local_transportation
1266	/common/resource/annotations./common/webpage/topic
1267	/comic_books/comic_book_series/publisher
1268	/fictional_universe/ethnicity_in_fiction/characters_of_this_ethnicity
1269	/cvg/computer_videogame/designers
1270	/business/board_member/organization_board_memberships./organization/organization_board_membership/role
1271	/common/topic/subjects
1272	/sports/pro_athlete/teams./ice_hockey/hockey_roster_position/position
1273	/protected_sites/governing_body_of_protected_sites/protected_sites_governed
1274	/location/location/street_address./location/mailing_address/state_province_region
1275	/sports/sports_position/players./baseball/baseball_roster_position/player
1276	/base/folklore/mythical_creature/mythology
1277	/base/ecology/food_web_member/belongs_to_ecosystem_s
1278	/base/petbreeds/dog_breed/color
1279	/music/conducted_ensemble/conductors./music/conducting_tenure/conductor
1280	/music/conductor/groups./music/conducting_tenure/ensemble
1281	/transportation/road/end1./transportation/road_starting_point/location
1282	/people/appointee/position./people/appointment/appointed_by
1283	/cvg/game_voice_actor/computer_game_voice_performances./cvg/game_performance/game
1284	/cvg/game_series/games_in_series
1285	/base/argumentmaps/original_idea/innovator
1286	/theater/theater_actor/theater_roles./theater/theater_role/role
1287	/people/appointer/appointment_made./people/appointment/appointee
1288	/aviation/aircraft_model/aircraft_type
1289	/cvg/computer_videogame/prequel
1290	/film/film_character/portrayed_in_films_dubbed./film/dubbing_performance/actor
1291	/ice_hockey/hockey_team/current_roster./ice_hockey/hockey_roster_position/player
1292	/travel/travel_destination/how_to_get_here./travel/transportation/transport_terminus
1293	/architecture/structure/construction_cost./measurement_unit/money_value/currency
1294	/aviation/aircraft_manufacturer/aircraft_models_made
1295	/ice_hockey/hockey_player/current_team./ice_hockey/hockey_roster_position/position
1296	/ice_hockey/hockey_player/hockey_position
1297	/american_football/football_player/current_team./american_football/football_roster_position/position
1298	/architecture/architectural_structure_owner/structures_owned./architecture/ownership/structure
1299	/book/periodical_publisher/periodicals_published./book/periodical_publisher_period/periodical
1300	/book/newspaper_owner/newspapers_owned
1301	/cvg/computer_videogame/characters./cvg/game_performance/voice_actor
1302	/american_football/football_player/current_team./american_football/football_roster_position/team
1303	/american_football/football_team/current_roster./american_football/football_roster_position/player
1304	/base/wrestling/professional_wrestler/member_of_team
1305	/comic_books/comic_book_series/created_by
1306	/visual_art/artwork/art_form
1307	/american_football/football_player/receiving./american_football/player_receiving_statistics/season
1308	/theater/theatrical_lyricist/play_lyrics_written
1309	/visual_art/artwork/art_genre
1310	/architecture/architect/structures_designed
1311	/base/folklore/mythology/mythical_creatures
1312	/base/petbreeds/dog_coat_color/dog_breeds
1313	/base/infrastructure/power_plant_type/power_station
1314	/base/petbreeds/dog_breed_group/dog_breeds
1315	/common/webpage/topic
1316	/language/human_language/dialects
1317	/award/award/presented_by
1318	/exhibitions/exhibition_venue/exhibitions_at_this_venue./exhibitions/exhibition_run/sponsor
1319	/book/periodical/publisher./book/periodical_publisher_period/publisher
1320	/transportation/bridge_type/bridges_of_this_type
1321	/base/disaster2/tactic/attacks_of_this_form./base/disaster2/attack_process/attack_event
1322	/book/newspaper/headquarters./location/mailing_address/state_province_region
1323	/book/written_work/original_language
1324	/law/court/judges./law/judicial_tenure/judge
1325	/architecture/structure/owner./architecture/ownership/owner
1326	/people/appointed_role/appointment./people/appointment/appointee
1327	/book/literary_series/author_s
1328	/biology/organism/organism_type
1329	/music/album_release_type/albums
1330	/american_football/football_team/historical_coaching_staff./american_football/football_historical_coach_position/coach
1331	/sports/sports_team/arena_stadium
1332	/fictional_universe/fictional_character/parents
1333	/aviation/airliner_accident/flight_destination
1334	/comic_books/comic_book_series/featured_characters
1335	/law/judge/courts./law/judicial_tenure/court
1336	/computer/programming_language/parent_language
1337	/royalty/system_of_nobility/titles./royalty/system_title_relationship/title
1338	/cvg/game_voice_actor/computer_game_voice_performances./cvg/game_performance/character
1339	/medicine/symptom/side_effect_of
1340	/computer/programming_language/language_designers
1341	/cvg/game_character/games./cvg/game_performance/voice_actor
1342	/american_football/football_coach/coaching_history./american_football/football_historical_coach_position/position
1343	/book/newspaper/owner
1344	/medicine/drug_class/drugs
1345	/sports/multi_event_tournament/sports
