/computer/software/languages_used	0
/sports/pro_athlete/teams./soccer/football_roster_position/team	1
/religion/religious_practice/practice_of	2
/food/ingredient/compatible_with_dietary_restrictions	3
/sports/sport/teams	4
/government/political_district/representatives./government/government_position_held/basic_title	5
/base/schemastaging/athlete_extra/salary./base/schemastaging/athlete_salary/team	6
/tv/tv_actor/guest_roles./tv/tv_guest_role/character	7
/sports/sports_team/roster./baseball/baseball_roster_position/player	8
/architecture/building/building_function	9
/business/business_operation/industry	10
/dining/restaurant/cuisine	11
/government/government_office_or_title/governmental_body_if_any	12
/baseball/baseball_league/teams	13
/tv/tv_writer/episodes_written	14
/base/eating/practicer_of_diet/diet	15
/aviation/airport/airlines./aviation/airline_airport_presence/cities_served	16
/government/government_office_category/officeholders./government/government_position_held/governmental_body	17
/base/twinnedtowns/twinned_town/twinned_with./base/twinnedtowns/town_twinning/twinned_towns	18
/organization/organization/phone_number./common/phone_number/category	19
/government/governmental_jurisdiction/official_symbols./location/location_symbol_relationship/symbol	20
/base/disaster2/tactic/attacks_of_this_form./base/disaster2/attack_process/attack_event	21
/user/lindenb/default_domain/scientist/known_for	22
/soccer/football_position/players	23
/government/government_office_or_title/office_holders./government/government_position_held/office_holder	24
/basketball/basketball_position/player_roster_position./basketball/basketball_roster_position/player	25
/base/aareas/schema/administrative_area/administrative_parent	26
/government/legislative_session/members./government/government_position_held/office_position_or_title	27
/tv/special_tv_performance_type/starring_performances./tv/regular_tv_appearance/series	28
/tv/tv_actor/guest_roles./tv/tv_guest_role/episodes_appeared_in	29
/people/person/nationality	30
/government/politician/government_positions_held./government/government_position_held/office_position_or_title	31
/award/award_winner/awards_won./award/award_honor/award_winner	32
/sports/sports_team/roster./soccer/football_roster_position/player	33
/fictional_universe/fictional_character/employers./fictional_universe/fictional_employment_tenure/title	34
/base/thoroughbredracing/thoroughbred_racehorse_color/horses_of_this_color	35
/location/statistical_region/rent50_4./measurement_unit/dated_money_value/currency	36
/biology/domesticated_animal/breeds	37
/tv/tv_program/regular_cast./tv/regular_tv_appearance/actor	38
/business/employer/employees./business/employment_tenure/title	39
/language/human_language/main_country	40
/award/award_category/nominees./award/award_nomination/nominated_for	41
/tv/tv_program/spin_offs	42
/medicine/infectious_disease/infectious_agent_type	43
/computer/operating_system/developer	44
/biology/animal_breed/breed_of	45
/base/fight/crime_type/people_convicted_of_this_crime./base/crime/criminal_conviction/convicted_person	46
/aviation/airline/hubs	47
/tv/tv_program/regular_cast./tv/regular_tv_appearance/special_performance_type	48
/olympics/olympic_games/medals_awarded./olympics/olympic_medal_honor/country	49
/broadcast/radio_format/stations	50
/cvg/computer_videogame/developer	51
/architecture/museum/address./location/mailing_address/state_province_region	52
/geography/island_group/islands_in_group	53
/government/political_party/politicians_in_this_party./government/political_party_tenure/politician	54
/location/hud_foreclosure_area/hhuniv./measurement_unit/dated_integer/source	55
/biology/organism_classification/higher_classification	56
/film/person_or_entity_appearing_in_film/films./film/personal_film_appearance/type_of_appearance	57
/organization/role/governors./organization/organization_board_membership/member	58
/royalty/kingdom/rulers	59
/cvg/cvg_designer/games_designed	60
/transportation/bridge/locale	61
/location/country/second_level_divisions	62
/business/consumer_company/products./business/company_product_relationship/consumer_product	63
/biology/animal_breed/registered_with./biology/breed_registration/breed_group	64
/film/film_character/portrayed_in_films./film/performance/film	65
/film/film/prequel	66
/american_football/football_team/current_roster./american_football/football_roster_position/position	67
/basketball/basketball_team/historical_roster./sports/sports_team_roster/player	68
/soccer/football_player/current_team./sports/sports_team_roster/team	69
/people/ethnicity/included_in_group	70
/biology/breed_registry/recognized_breeds./biology/breed_registration/breed	71
/sports/sports_team/roster./sports/sports_team_roster/position	72
/tv/non_character_role/tv_regular_personal_appearances./tv/tv_regular_personal_appearance/program	73
/tv/tv_series_season/regular_cast./tv/regular_tv_appearance/actor	74
/computer/computer_manufacturer_brand/computer_models	75
/sports/drafted_athlete/drafted./sports/sports_league_draft_pick/team	76
/education/academic/advisors	77
/education/educational_institution/sports_teams	78
/ice_hockey/hockey_player/current_team./sports/sports_team_roster/position	79
/base/activism/activism_issue/activist_organizations	80
/food/diet/followers	81
/medicine/notable_person_with_medical_condition/condition	82
/award/competition/instance_of_recurring_competition	83
/education/university/international_tuition./measurement_unit/dated_money_value/currency	84
/sports/sports_league_season/awards./sports/sports_award/award	85
/people/appointed_role/appointment./people/appointment/appointee	86
/cvg/game_voice_actor/computer_game_voice_performances./cvg/game_performance/character	87
/base/localfood/seasonal_month/produce_available./base/localfood/produce_availability/produce	88
/business/board_member/organization_board_memberships./organization/organization_board_membership/role	89
/education/educational_institution/subsidiary_or_constituent_schools	90
/base/popstra/celebrity/lived_with./base/popstra/lived_with/participant	91
/base/popstra/celebrity/hangout./base/popstra/hangout/business_location	92
/religion/religion/places_of_worship	93
/american_football/football_team/current_roster./american_football/football_roster_position/player	94
/common/topic/subjects	95
/base/americancomedy/comedy_group_member/belongs_to./base/americancomedy/comedy_group_membership/group	96
/biology/organism_classification/organisms_of_this_type	97
/base/activism/activist/area_of_activism	98
/architecture/structure/owner./architecture/ownership/owner	99
/film/film/directed_by	100
/education/educational_institution/parent_institution	101
/food/diet_follower/follows_diet	102
/education/field_of_study/students_majoring./education/education/specialization	103
/sports/pro_athlete/teams./soccer/football_roster_position/position	104
/base/x2010fifaworldcupsouthafrica/world_cup_participant/world_cup_team./base/x2010fifaworldcupsouthafrica/current_world_cup_squad/position	105
/government/governmental_body/offices_positions	106
/film/film_festival/location	107
/cvg/game_series/games_in_series	108
/sports/sport/related_equipment	109
/award/award_category/winners./award/award_honor/ceremony	110
/business/sponsor/sponsorship./business/sponsorship/sponsored_recipient	111
/award/award_category/long_lists./award/long_list_nomination/nominee	112
/visual_art/visual_artist/art_forms	113
/military/military_conflict/combatants./military/military_combatant_group/combatants	114
/time/event/includes_event	115
/tv/tv_series_season/regular_cast./tv/regular_tv_appearance/series	116
/base/thoroughbredracing/thoroughbred_racehorse/country	117
/american_football/football_player/current_team./sports/sports_team_roster/team	118
/people/family_member/family	119
/comic_books/comic_book_series/created_by	120
/olympics/olympic_participating_country/athletes./olympics/olympic_athlete_affiliation/athlete	121
/location/us_county/hud_county_place	122
/film/producer/films_executive_produced	123
/medicine/risk_factor/diseases	124
/olympics/olympic_participating_country/medals_won./olympics/olympic_medal_honor/medal	125
/influence/influence_node/peers./influence/peer_relationship/peers	126
/cvg/computer_videogame/characters./cvg/game_performance/voice_actor	127
/travel/travel_destination/climate./travel/travel_destination_monthly_climate/month	128
/royalty/system_of_nobility/titles./royalty/system_title_relationship/title	129
/education/educational_degree/people_with_this_degree./education/education/minor	130
/exhibitions/exhibition_sponsor/exhibitions_sponsored./exhibitions/exhibition_run/venue	131
/base/popstra/company/fashion_choice./base/popstra/fashion_choice/fashion_wearer	132
/dining/cuisine/dishes	133
/user/alexbl/honorary_title/titled_person/honorary_title./user/alexbl/honorary_title/honorary_title_holding/honorary_title	134
/geography/lake/basin_countries	135
/user/szaijan/fantasy_football/player/nfl_team	136
/location/statistical_region/gdp_nominal_per_capita./measurement_unit/dated_money_value/currency	137
/sports/sports_team/roster./baseball/baseball_historical_roster_position/player	138
/award/award_nominated_work/award_nominations./award/award_nomination/award	139
/base/activism/activism_issue/activists	140
/sports/sports_award_type/winners./sports/sports_award/season	141
/book/written_work/author	142
/fictional_universe/fictional_job_title/fictional_characters_with_this_job./fictional_universe/fictional_employment_tenure/employee	143
/film/film/dubbing_performances./film/dubbing_performance/actor	144
/tv/tv_program/tv_producer./tv/tv_producer_term/producer	145
/cvg/gameplay_mode/games_with_this_mode	146
/medicine/disease/notable_people_with_this_condition	147
/film/film/film_festivals	148
/government/government_office_or_title/office_holders./government/government_position_held/basic_title	149
/base/petbreeds/dog_breed/color	150
/tv/tv_program/languages	151
/sports/sports_championship_event/champion	152
/base/popstra/restaurant/restaurant_choice./base/popstra/restaurant_choice/diner	153
/base/onephylogeny/type_of_thing/things_of_this_type	154
/base/argumentmaps/morally_disputed_activity/instance_of_abstract_moral_dispute	155
/tv/tv_program/genre	156
/government/government_office_or_title/office_holders./government/government_position_held/appointed_by	157
/education/educational_institution/sexes_accepted./education/gender_enrollment/sex	158
/ice_hockey/hockey_position/players	159
/education/educational_degree/people_with_this_degree./education/education/institution	160
/military/armed_force/personnel./military/military_service/rank	161
/theater/theater_genre/plays_in_this_genre	162
/base/onephylogeny/type_of_thing/included_in	163
/american_football/football_player/rushing./american_football/player_rushing_statistics/season	164
/transportation/road/end1./transportation/road_starting_point/location	165
/location/capital_of_administrative_division/capital_of./location/administrative_division_capital_relationship/administrative_division	166
/american_football/football_player/receiving./american_football/player_receiving_statistics/season	167
/medicine/drug_class/drugs	168
/music/genre/artists	169
/base/bioventurist/bv_medical_condition/company_involved	170
/astronomy/star_system_body/star_system	171
/location/symbol_of_administrative_division/official_symbol_of./location/location_symbol_relationship/administrative_division	172
/dining/cuisine/ingredients	173
/sports/sports_team/roster./soccer/football_roster_position/position	174
/award/award_category/winners./award/award_honor/honored_for	175
/base/schemastaging/organization_extra/phone_number./base/schemastaging/phone_sandbox/contact_category	176
/people/person/education./education/education/degree	177
/military/military_combatant/military_conflicts./military/military_combatant_group/combatants	178
/government/governmental_jurisdiction/governing_officials./government/government_position_held/district_represented	179
/location/us_county/county_seat	180
/award/award_nominee/award_nominations./award/award_nomination/award_nominee	181
/tv/tv_location/tv_shows_filmed_here	182
/location/location/time_zones	183
/ice_hockey/hockey_player/former_team_s./sports/sports_team_roster/team	184
/film/actor/film./film/performance/character	185
/protected_sites/listed_site/designation_as_natural_or_cultural_site./protected_sites/natural_or_cultural_site_listing/designation	186
/base/popstra/company/product_endorser./base/popstra/paid_support/endorser	187
/military/military_conflict/commanders./military/military_command/military_commander	188
/location/statistical_region/gni_per_capita_in_ppp_dollars./measurement_unit/dated_money_value/currency	189
/base/rugby/rugby_player/type_of_rugby	190
/organization/organization/leadership./organization/leadership/person	191
/book/newspaper_owner/newspapers_owned	192
/location/statistical_region/religions./location/religion_percentage/religion	193
/tv/tv_program/tv_producer./tv/tv_producer_term/producer_type	194
/organization/endowed_organization/endowment./measurement_unit/dated_money_value/currency	195
/comic_books/comic_book_creator/series_created	196
/tv/tv_series_episode/writer	197
/medicine/disease/prevention_factors	198
/base/locations/countries/continent	199
/military/military_commander/military_commands./military/military_command/military_conflict	200
/architecture/structure/address./location/mailing_address/state_province_region	201
/government/governmental_body/sessions	202
/base/popstra/celebrity/supporter./base/popstra/support/supported_organization	203
/base/crime/convicted_criminal/convictions./base/crime/criminal_conviction/sentence_type	204
/sports/sports_official/sport	205
/sports/sports_championship_event/championship	206
/american_football/football_player/former_teams./american_football/football_historical_roster_position/position_s	207
/film/film_series/films_in_series	208
/base/saturdaynightlive/snl_cast_member/seasons./base/saturdaynightlive/snl_season_tenure/cast_members	209
/cvg/computer_videogame/characters./cvg/game_performance/character	210
/religion/religion/organizations	211
/base/localfood/produce/availability./base/localfood/produce_availability/seasonal_months	212
/soccer/football_team/current_roster./sports/sports_team_roster/position	213
/military/military_combatant/casualties./military/casualties/military_conflict	214
/media_common/dedicatee/dedications./media_common/dedication/dedicated_by	215
/base/thoroughbredracing/thoroughbred_racehorse_sex/horses_of_this_sex	216
/royalty/noble_title/used_in./royalty/system_title_relationship/system	217
/soccer/football_team_manager/team./soccer/football_team_management_tenure/team	218
/award/recurring_competition/individual_competitions	219
/sports/sport/pro_athletes./sports/pro_sports_played/athlete	220
/film/film/film_art_direction_by	221
/common/topic/webpage./common/webpage/topic	222
/fictional_universe/fictional_character/parents	223
/government/legislative_session/members./government/government_position_held/governmental_body	224
/base/biblioness/bibs_location/country	225
/language/language_writing_system/languages	226
/architecture/building_function/buildings	227
/music/instrument/variation	228
/film/music_contributor/film	229
/government/politician/party./government/political_party_tenure/party	230
/travel/transport_terminus/travel_destinations_served./travel/transportation/transport_terminus	231
/baseball/baseball_team/current_roster./baseball/baseball_roster_position/player	232
/location/it_province/capital	233
/celebrities/celebrity/sexual_relationships./celebrities/romantic_relationship/celebrity	234
/tennis/tennis_player/matches_lost./tennis/tennis_match/winner	235
/user/tfmorris/default_domain/document/signatories	236
/film/film/film_series	237
/film/film_story_contributor/film_story_credits	238
/cvg/cvg_developer/games_developed	239
/people/cause_of_death/people	240
/film/film/release_date_s./film/film_regional_release_date/film_release_region	241
/education/educational_institution_campus/educational_institution	242
/film/film_job/films_with_this_crew_job./film/film_crew_gig/crewmember	243
/location/statistical_region/gni_in_ppp_dollars./measurement_unit/dated_money_value/currency	244
/location/location/nearby_airports	245
/base/fight/crime_type/includes_crimes	246
/location/country/currency_used	247
/tv/tv_producer_type/tv_producers_of_this_type./tv/tv_producer_term/program	248
/business/job_title/people_with_this_title./business/employment_tenure/person	249
/user/tfmorris/default_domain/signatory/documents_signed	250
/sports/tournament_event_competitor/events_competed_in./sports/competitor_competition_relationship/country	251
/base/collectives/collective_member/member_of./base/collectives/collective_membership/collective	252
/soccer/football_player/matches_played./soccer/football_player_match_participation/team	253
/education/academic/research_areas	254
/tv/tv_character/appeared_in_tv_program./tv/regular_tv_appearance/series	255
/user/robert/military/military_person/participated_in_conflicts	256
/fictional_universe/fictional_character/character_created_by	257
/user/robert/us_congress/us_representative/committee_memberships	258
/business/board_member/leader_of./organization/leadership/role	259
/government/government_office_or_title/category	260
/education/university/fraternities_and_sororities	261
/government/government_office_or_title/office_holders./government/government_position_held/jurisdiction_of_office	262
/user/hangy/default_domain/sports_team_gender/gender	263
/architecture/architect/structures_designed	264
/medicine/icd_9_cm_classification/parent_classification	265
/sports/sports_team/league./sports/sports_league_participation/league	266
/olympics/olympic_sport/athletes./olympics/olympic_athlete_affiliation/athlete	267
/book/magazine_genre/magazines_in_this_genre	268
/baseball/baseball_player/lifetime_batting_statistics./baseball/lifetime_batting_statistics/ending_season	269
/business/business_operation/current_assets./measurement_unit/dated_money_value/currency	270
/medicine/disease/risk_factors	271
/baseball/baseball_player/current_team./sports/sports_team_roster/team	272
/organization/organization_founder/organizations_founded	273
/baseball/baseball_player/current_team./sports/sports_team_roster/position	274
/computer/programming_language/dialects	275
/film/film_location/featured_in_films	276
/film/person_or_entity_appearing_in_film/films./film/personal_film_appearance/film	277
/military/military_combatant/military_commanders./military/military_command/military_conflict	278
/education/field_of_study/subdisciplines	279
/medicine/medical_treatment/used_to_treat	280
/cvg/game_voice_actor/computer_game_voice_performances./cvg/game_performance/game	281
/transportation/road/end2./transportation/road_starting_point/location	282
/film/film/runtime./film/film_cut/film_release_region	283
/government/government_office_category/officeholders./government/government_position_held/district_represented	284
/education/school_district/schools	285
/base/popstra/celebrity/wears./base/popstra/fashion_choice/designer	286
/location/statistical_region/population./measurement_unit/dated_integer/source	287
/location/location/people_born_here	288
/basketball/basketball_player/team./sports/sports_team_roster/position	289
/people/person/education./education/education/institution	290
/base/popstra/celebrity/religion./base/popstra/religion_choice/religion	291
/government/government_office_category/officeholders./government/government_position_held/legislative_sessions	292
/astronomy/orbital_relationship/orbits	293
/food/dietary_restriction/incompatible_ingredients	294
/biology/organism/sex	295
/religion/religious_organization/leaders./religion/religious_organization_leadership/leader	296
/base/fight/sports_official/sport	297
/interests/collection_category/sub_categories	298
/american_football/football_player/receiving./american_football/player_receiving_statistics/team	299
/base/contractbridge/bridge_player/first_place_finish./base/contractbridge/bridge_tournament_standings/second_place	300
/government/politician/government_positions_held./government/government_position_held/basic_title	301
/award/award_nominee/award_nominations./award/award_nomination/award	302
/education/field_of_study/students_majoring./education/education/minor	303
/music/artist/album	304
/military/military_combatant/force_deployments./military/force_strength/combatant	305
/american_football/football_player/games./american_football/player_game_statistics/team	306
/protected_sites/iucn_category/protected_areas	307
/base/x2010fifaworldcupsouthafrica/world_cup_squad/current_world_cup_squad./base/x2010fifaworldcupsouthafrica/current_world_cup_squad/position	308
/business/industry/companies	309
/award/award_category/disciplines_or_subjects	310
/games/game_genre/boardgames	311
/aviation/airport/serves	312
/base/schemastaging/tv_character_extra/regular_dubbing_performances./base/schemastaging/tv_star_dubbing_performance/program	313
/people/appointed_role/appointment./people/appointment/appointed_by	314
/sports/pro_athlete/teams./american_football/football_roster_position/position	315
/film/film/starring./film/performance/actor	316
/sports/drafted_athlete/drafted./sports/sports_league_draft_pick/draft	317
/base/famouspets/pet_owner/pets_owned./base/famouspets/pet_ownership/owner	318
/film/actor/film./film/performance/special_performance_type	319
/location/country/languages_spoken	320
/tv/non_character_role/tv_guest_personal_appearances./tv/tv_guest_personal_appearance/person	321
/film/film/other_crew./film/film_crew_gig/film_crew_role	322
/olympics/olympic_participating_country/athletes./olympics/olympic_athlete_affiliation/olympics	323
/people/ethnicity/languages_spoken	324
/baseball/baseball_position/players	325
/language/human_language/region	326
/government/legislative_session/members./government/government_position_held/district_represented	327
/film/film/film_set_decoration_by	328
/base/aareas/schema/administrative_area/administrative_children	329
/government/government_agency/jurisdiction	330
/government/legislative_session/members./government/government_position_held/basic_title	331
/travel/travel_destination/how_to_get_here./travel/transportation/mode_of_transportation	332
/olympics/olympic_games/athletes./olympics/olympic_athlete_affiliation/athlete	333
/location/country/administrative_divisions	334
/government/governmental_jurisdiction/governing_officials./government/government_position_held/appointed_by	335
/geography/river/mouth	336
/organization/organization/headquarters./location/mailing_address/citytown	337
/business/business_operation/revenue./measurement_unit/dated_money_value/currency	338
/government/government_office_category/officeholders./government/government_position_held/office_holder	339
/internet/website/category	340
/ice_hockey/hockey_player/current_team./sports/sports_team_roster/team	341
/sports/sports_team/location	342
/sports/sports_position/players./sports/sports_team_roster/team	343
/music/performance_role/guest_performances./music/recording_contribution/performance_role	344
/cvg/game_character/games./cvg/game_performance/game	345
/language/human_language/countries_spoken_in	346
/film/film/story_by	347
/geography/lake_type/lakes_of_this_type	348
/sports/pro_athlete/teams./american_football/football_roster_position/team	349
/aviation/aircraft_owner/aircraft_fleet_composition./aviation/aircraft_ownership_count/aircraft_model	350
/award/award_ceremony/awards_presented./award/award_honor/honored_for	351
/olympics/olympic_games/participating_countries	352
/location/country/official_language	353
/film/film_character/portrayed_in_films_dubbed./film/dubbing_performance/language	354
/sports/sports_team/roster./american_football/football_historical_roster_position/player	355
/people/person/profession	356
/metropolitan_transit/transit_service_type/transit_lines	357
/visual_art/visual_artist/associated_periods_or_movements	358
/tv/tv_actor/starring_roles./tv/regular_tv_appearance/series	359
/sports/sports_team/roster./american_football/football_roster_position/player	360
/aviation/aircraft_manufacturer/aircraft_models_made	361
/government/governmental_jurisdiction/government_positions	362
/fictional_universe/fictional_character/siblings./fictional_universe/sibling_relationship_of_fictional_characters/siblings	363
/tv/tv_program/country_of_origin	364
/sports/sports_award_winner/awards./sports/sports_award/season	365
/base/popstra/product/sold_to./base/popstra/product_choice/consumer	366
/military/military_conflict/military_personnel_involved	367
/base/schemastaging/organization_extra/phone_number./base/schemastaging/phone_sandbox/product_or_service	368
/book/periodical_subject/periodicals	369
/sports/sports_position/players./american_football/football_historical_roster_position/team	370
/base/infrastructure/power_plant_type/power_station	371
/user/alexander/misc/murdered_person/place_murdered	372
/music/conducted_ensemble/conductors./music/conducting_tenure/conductor	373
/tv/tv_character/appeared_in_tv_program./tv/regular_tv_appearance/actor	374
/base/argumentmaps/original_idea/innovator	375
/american_football/football_coach/coaching_history./american_football/football_historical_coach_position/position	376
/tv/tv_producer/programs_produced./tv/tv_producer_term/program	377
/music/artist/origin	378
/government/government_office_category/officeholders./government/government_position_held/appointed_by	379
/music/group_member/membership./music/group_membership/role	380
/book/magazine/genre	381
/religion/deity/deity_of	382
/government/government_office_category/offices	383
/olympics/olympic_participating_country/medals_won./olympics/olympic_medal_honor/medalist	384
/organization/role/leaders./organization/leadership/person	385
/language/human_language/language_family	386
/base/schemastaging/athlete_extra/salary./base/schemastaging/athlete_salary/currency	387
/base/popstra/religion/membership./base/popstra/religion_choice/member	388
/government/government_office_category/officeholders./government/government_position_held/jurisdiction_of_office	389
/medicine/drug_ingredient/active_moiety_of_drug	390
/base/localfood/food_producing_region/seasonal_availability./base/localfood/produce_availability/produce	391
/film/film/other_film_companies./film/film_film_company_relationship/film_company	392
/astronomy/star_system/planetary_system	393
/architecture/museum/address./location/mailing_address/citytown	394
/sports/sports_league/sport	395
/travel/travel_destination/how_to_get_here./travel/transportation/transport_operator	396
/film/film_subject/films	397
/music/performance_role/guest_performances./music/recording_contribution/contributor	398
/film/film_distribution_medium/films_distributed_in_this_medium./film/film_film_distributor_relationship/film	399
/sports/sports_team/season_record./sports/sports_team_season_record/season	400
/user/alexander/philosophy/philosopher/era	401
/media_common/media_genre/parent_genre	402
/metropolitan_transit/transit_line/service_type	403
/user/radiusrs/default_domain/astrology/related_topics	404
/business/asset/owners./business/asset_ownership/owner	405
/fictional_universe/fictional_character/appears_in_these_fictional_universes	406
/award/award_nominated_work/award_nominations./award/award_nomination/award_nominee	407
/film/film_set_designer/film_sets_designed	408
/film/film/written_by	409
/american_football/football_team/historical_coaching_staff./american_football/football_historical_coach_position/position	410
/travel/transport_operator/travel_destinations_served./travel/transportation/mode_of_transportation	411
/people/family/members	412
/film/film/starring./film/performance/special_performance_type	413
/award/award_category/winners./award/award_honor/award_winner	414
/film/film/subjects	415
/base/folklore/mythical_creature/mythology	416
/organization/organization/acquired_by./business/acquisition/acquiring_company	417
/film/film_festival_event/films	418
/computer/programming_language/influenced_by	419
/time/recurring_event/instances	420
/tv/tv_program/recurring_writers./tv/tv_program_writer_relationship/writer	421
/biology/animal_breed/registered_with./biology/breed_registration/registry	422
/education/fraternity_sorority/founded_location	423
/government/government_office_or_title/office_holders./government/government_position_held/legislative_sessions	424
/people/place_of_interment/interred_here	425
/organization/organization/board_members./organization/organization_board_membership/member	426
/film/film/genre	427
/visual_art/art_subject/artwork_on_the_subject	428
/time/time_zone/locations_in_this_time_zone	429
/computer/software_developer/software	430
/geography/river/cities	431
/projects/project_participant/projects./projects/project_participation/role	432
/film/producer/film	433
/film/film/film_format	434
/tv/tv_network/programs./tv/tv_network_duration/program	435
/base/locations/continents/countries_within	436
/dataworld/gardening_hint/split_to	437
/soccer/football_team/current_roster./soccer/football_roster_position/position	438
/people/person/gender	439
/computer/operating_system/parent_os	440
/base/onephylogeny/type_of_thing/includes	441
/tv/tv_actor/starring_roles./tv/regular_tv_appearance/special_performance_type	442
/medicine/drug/legal_status	443
/baseball/baseball_team/team_stats./baseball/baseball_team_stats/season	444
/architecture/structure/address./location/mailing_address/citytown	445
/education/field_of_study/subdiscipline_of	446
/user/mt/default_domain/metabolite/biofluid_location	447
/government/political_appointer/appointees./government/government_position_held/basic_title	448
/common/webpage/category	449
/fictional_universe/work_of_fiction/setting	450
/film/film_casting_director/films_casting_directed	451
/military/rank/used_by_services./military/military_service/military_person	452
/cvg/computer_videogame/gameplay_modes	453
/base/schemastaging/tv_actor_extra/regular_dubbing_performances./base/schemastaging/tv_star_dubbing_performance/program	454
/music/record_label/artist	455
/sports/pro_athlete/teams./sports/sports_team_roster/position	456
/computer/computer/manufacturer	457
/government/governmental_body/members./government/government_position_held/legislative_sessions	458
/sports/sports_position/players./baseball/baseball_roster_position/team	459
/organization/organization/spin_offs./organization/organization_spin_off/child_company	460
/book/author/series_written_or_contributed_to	461
/user/coco/science/concepts_theories/parent_concept	462
/film/actor/dubbing_performances./film/dubbing_performance/character	463
/tv/tv_program_guest/appeared_on./tv/tv_guest_personal_appearance/episode	464
/tv/tv_subject/tv_programs	465
/base/patronage/patron/related_client./base/patronage/patron_client_relationship/client	466
/basketball/basketball_position/player_roster_position./sports/sports_team_roster/player	467
/sports/sports_position/players./baseball/baseball_roster_position/player	468
/people/person/place_of_birth	469
/user/robert/us_congress/us_representative/congressional_caucus_memberships	470
/baseball/baseball_player/former_teams./sports/sports_team_roster/team	471
/broadcast/producer/produces	472
/fictional_universe/character_powers/characters_with_this_ability	473
/fictional_universe/character_species/characters_of_this_species	474
/organization/organization_scope/organizations_with_this_scope	475
/organization/organization/founders	476
/organization/organization/product_of_merger./organization/organization_merger/organizations_merging	477
/computer/computer/compatible_oses./computer/os_compatibility/operating_system	478
/award/award_winning_work/awards_won./award/award_honor/honored_for	479
/people/profession/specialization_of	480
/government/legislative_session/legislature	481
/base/fight/crime_type/included_in_crimes	482
/military/military_conflict/casualties./military/casualties/combatant	483
/basketball/basketball_player/former_teams./sports/sports_team_roster/team	484
/location/country/first_level_divisions	485
/olympics/olympic_athlete/country./olympics/olympic_athlete_affiliation/olympics	486
/baseball/baseball_player/former_teams./baseball/baseball_historical_roster_position/team	487
/broadcast/distributor/distributes	488
/education/educational_institution/students_graduates./education/education/minor	489
/people/person/spouse_s./people/marriage/spouse	490
/base/biblioness/bibs_location/city	491
/government/government_office_category/officeholders./government/government_position_held/office_position_or_title	492
/common/webpage/topic	493
/american_football/football_team/historical_coaching_staff./american_football/football_historical_coach_position/coach	494
/music/artist/genre	495
/sports/sports_position/players./ice_hockey/hockey_roster_position/player	496
/tv/tv_series_episode/series	497
/base/popstra/celebrity/dated./base/popstra/dated/participant	498
/sports/professional_sports_team/owner_s	499
/ice_hockey/hockey_player/current_team./ice_hockey/hockey_roster_position/position	500
/basketball/basketball_player/former_teams./basketball/basketball_historical_roster_position/team	501
/government/governmental_jurisdiction/governing_officials./government/government_position_held/governmental_body	502
/travel/tourist_attraction/near_travel_destination	503
/olympics/olympic_athlete/country./olympics/olympic_athlete_affiliation/country	504
/religion/religious_leader/religious_leadership./religion/religious_organization_leadership/organization	505
/military/armed_force/military_posts./military/military_post_use/military_post	506
/religion/religious_text/religious_text_of	507
/base/events/type_of_festival/recurring_festivals_of_this_type	508
/location/location/partially_contains	509
/royalty/noble_person/titles./royalty/noble_title_tenure/noble_title	510
/visual_art/art_period_movement/associated_artists	511
/soccer/football_team/league./soccer/football_league_participation/league	512
/user/robert/us_congress/us_representative/state	513
/american_football/football_player/former_teams./sports/sports_team_roster/team	514
/business/company_type/companies_of_this_type	515
/computer/software/license	516
/government/political_district/representatives./government/government_position_held/governmental_body	517
/medicine/drug/active_moieties	518
/tv/special_tv_performance_type/starring_performances./tv/regular_tv_appearance/character	519
/sports/pro_athlete/sports_played_professionally./sports/pro_sports_played/sport	520
/user/robert/us_congress/congressional_district/state	521
/organization/organization/sectors	522
/government/political_district/representatives./government/government_position_held/legislative_sessions	523
/tv/tv_program/subjects	524
/base/schemastaging/person_extra/net_worth./measurement_unit/dated_money_value/currency	525
/base/popstra/celebrity/shops_at./base/popstra/shopping_choice/company	526
/common/annotation_category/annotations./common/webpage/topic	527
/business/business_operation/operating_income./measurement_unit/dated_money_value/currency	528
/government/political_district/representatives./government/government_position_held/jurisdiction_of_office	529
/common/resource/annotations./common/webpage/topic	530
/base/schemastaging/tv_character_extra/regular_dubbing_performances./base/schemastaging/tv_star_dubbing_performance/language	531
/tv/tv_actor/guest_roles./tv/tv_guest_role/special_performance_type	532
/film/film_distributor/films_distributed./film/film_film_distributor_relationship/film	533
/book/periodical_format/periodicals_in_this_format./book/periodical_format_period/periodical	534
/tv/tv_character/appeared_in_tv_episodes./tv/tv_guest_role/actor	535
/medicine/disease/treatments	536
/education/educational_institution/colors	537
/base/contractbridge/bridge_player/second_place_finish./base/contractbridge/bridge_tournament_standings/second_place	538
/transportation/bridge/bridge_type	539
/visual_art/visual_art_form/artists	540
/government/governmental_jurisdiction/governing_officials./government/government_position_held/office_position_or_title	541
/medicine/medical_treatment/side_effects	542
/organization/organization/companies_acquired./business/acquisition/company_acquired	543
/award/award_ceremony/awards_presented./award/award_honor/award_winner	544
/sports/sports_award_winner/awards./sports/sports_award/team	545
/organization/organization/leadership./organization/leadership/role	546
/media_common/media_genre/child_genres	547
/award/hall_of_fame_inductee/hall_of_fame_inductions./award/hall_of_fame_induction/hall_of_fame	548
/common/topic/webpage./common/webpage/category	549
/film/film_crewmember/films_crewed./film/film_crew_gig/film_crew_role	550
/location/administrative_division/first_level_division_of	551
/sports/sports_team/roster./basketball/basketball_roster_position/player	552
/comic_books/comic_book_character/created_by	553
/government/political_party/ideology	554
/user/tsegaran/computer/algorithm_family/algorithm	555
/military/military_conflict/force_strengths./military/force_strength/combatant	556
/computer/programming_language/language_designers	557
/theater/play/genre	558
/medicine/symptom/side_effect_of	559
/education/educational_degree/people_with_this_degree./education/education/major_field_of_study	560
/architecture/architectural_style/examples	561
/basketball/basketball_player/position_s	562
/sports/sports_team/arena_stadium	563
/film/film/film_production_design_by	564
/tv/tv_series_episode/guest_personal_appearances./tv/tv_guest_personal_appearance/person	565
/military/military_combatant/military_conflicts./military/military_combatant_group/conflict	566
/tv/tv_program/regular_personal_appearances./tv/tv_regular_personal_appearance/person	567
/media_common/dedicatee/dedications./media_common/dedication/work_dedicated	568
/award/hall_of_fame_induction_category/inductees./award/hall_of_fame_induction/inductee	569
/ice_hockey/hockey_team/historical_roster./ice_hockey/hockey_previous_roster_position/player	570
/location/neighborhood/neighborhood_of	571
/aviation/airport/airlines./aviation/airline_airport_presence/airline	572
/base/wrestling/professional_wrestler/member_of_team	573
/film/personal_film_appearance_type/film_appearances./film/personal_film_appearance/film	574
/government/political_appointer/appointees./government/government_position_held/governmental_body	575
/government/governmental_body/members./government/government_position_held/appointed_by	576
/language/language_family/languages	577
/award/hall_of_fame/inductees./award/hall_of_fame_induction/inductee	578
/base/academyawards/host_of_oscar_show/oscar_show_hosted	579
/film/film/estimated_budget./measurement_unit/dated_money_value/currency	580
/architecture/structure/architectural_style	581
/location/hud_foreclosure_area/total_residential_addresses./measurement_unit/dated_integer/source	582
/government/election/office	583
/base/newsevents/news_reporting_organisation/news_reports./base/newsevents/news_report/event	584
/cvg/computer_videogame/sequel	585
/base/americancomedy/celebrity_impressionist/celebrities_impersonated	586
/broadcast/content/genre	587
/government/government_office_or_title/office_holders./government/government_position_held/governmental_body	588
/people/family/country	589
/royalty/order_of_chivalry/recipients./royalty/chivalric_order_membership/recipient	590
/base/fight/crime_type/people_convicted_of_this_crime./base/crime/criminal_conviction/guilty_of	591
/book/school_or_movement/associated_authors	592
/celebrities/sexual_orientation/celebrities./celebrities/sexual_orientation_phase/celebrity	593
/film/film/music	594
/astronomy/orbital_relationship/orbited_by	595
/periodicals/newspaper_circulation_area/newspapers	596
/base/patronage/client/related_patron./base/patronage/patron_client_relationship/patron	597
/base/petbreeds/dog_breed_group/dog_breeds	598
/celebrities/celebrity/sexual_orientation./celebrities/sexual_orientation_phase/sexual_orientation	599
/film/film/sequel	600
/ice_hockey/hockey_team/current_roster./sports/sports_team_roster/player	601
/medicine/condition_prevention_factors/conditions_this_may_prevent	602
/basketball/basketball_position/player_roster_position./sports/sports_team_roster/team	603
/media_common/dedicator/dedications./media_common/dedication/dedicated_to	604
/book/newspaper/owner	605
/sports/school_sports_team/school	606
/tv/tv_producer/programs_produced./tv/tv_producer_term/producer_type	607
/time/event/locations	608
/organization/membership_organization/members./organization/organization_membership/member	609
/law/invention/inventor	610
/organization/organization/involved_in_merger./organization/organization_merger/became_organization	611
/military/military_post/used_by_armed_forces./military/military_post_use/armed_force	612
/people/person/parents	613
/people/person/spouse_s./people/marriage/location_of_ceremony	614
/sports/sports_team/roster./ice_hockey/hockey_roster_position/position	615
/sports/pro_athlete/teams./ice_hockey/hockey_previous_roster_position/team	616
/organization/role/governors./organization/organization_board_membership/organization	617
/broadcast/radio_station/format	618
/book/book/genre	619
/people/person/employment_history./business/employment_tenure/company	620
/base/schemastaging/tv_actor_extra/regular_dubbing_performances./base/schemastaging/tv_star_dubbing_performance/character	621
/base/parody/parodied_subject/parodies	622
/base/schemastaging/organization_extra/phone_number./base/schemastaging/phone_sandbox/service_location	623
/american_football/football_team/historical_roster./american_football/football_historical_roster_position/player	624
/government/governmental_jurisdiction/governing_officials./government/government_position_held/office_holder	625
/education/educational_institution/mascot	626
/award/hall_of_fame_inductee/hall_of_fame_inductions./award/hall_of_fame_induction/category	627
/basketball/basketball_player/team./basketball/basketball_roster_position/team	628
/american_football/football_coach/coaching_history./american_football/football_historical_coach_position/team	629
/base/fashionmodels/fashion_model/hair_color	630
/education/educational_degree/people_with_this_degree./education/education/student	631
/tv/tv_program_creator/programs_created	632
/film/film/gross_revenue./measurement_unit/dated_money_value/currency	633
/base/yalebase/secret_society_member/belonged_to./base/yalebase/secret_society_membership/society	634
/film/film_character/portrayed_in_films./film/performance/special_performance_type	635
/film/writer/film	636
/education/academic_institution/visiting_scholars_fellows_etc./education/academic_post/person	637
/royalty/monarch/kingdom	638
/baseball/baseball_player/current_team./baseball/baseball_roster_position/team	639
/religion/religion/includes	640
/base/aareas/schema/administrative_area/administrative_area_type	641
/education/school_category/schools_of_this_kind	642
/internet/website/owner_new./internet/website_ownership/owner	643
/music/group_member/vocal_range	644
/people/deceased_person/cause_of_death	645
/people/person/ethnicity	646
/computer/operating_system/includes_os_versions	647
/influence/influence_node/influenced	648
/film/special_film_performance_type/film_performance_type./film/performance/actor	649
/sports/sports_position/players./american_football/football_historical_roster_position/position_s	650
/film/film_character/portrayed_in_films_dubbed./film/dubbing_performance/film	651
/fictional_universe/fictional_character/romantically_involved_with./fictional_universe/romantic_involvement/partner	652
/military/military_person/participated_in_conflicts	653
/award/award_winning_work/awards_won./award/award_honor/award	654
/user/alexander/philosophy/era/philosophers	655
/people/deceased_person/place_of_burial	656
/american_football/football_coach_position/coaches_holding_this_position./american_football/football_historical_coach_position/team	657
/film/film_genre/films_in_this_genre	658
/music/album/genre	659
/computer/software_genre/software_in_genre	660
/medicine/type_of_infectious_agent/diseases	661
/music/album_release_type/albums	662
/award/award_discipline/awards_in_this_discipline	663
/tv/tv_series_season/series	664
/biology/animal_breed/place_of_origin	665
/base/contractbridge/bridge_player/second_place_finish./base/contractbridge/bridge_tournament_standings/first_place	666
/theater/theatrical_lyricist/play_lyrics_written	667
/base/eating/diets/people_who_follow_this_diet	668
/film/film/produced_by	669
/base/x2010fifaworldcupsouthafrica/world_cup_squad/current_world_cup_squad./base/x2010fifaworldcupsouthafrica/current_world_cup_squad/players	670
/fictional_universe/fictional_character/ethnicity	671
/sports/sports_equipment/sport_used_for	672
/computer/programming_language/influenced	673
/computer/programming_language_designer/languages_designed	674
/organization/organization/headquarters./location/mailing_address/state_province_region	675
/olympics/olympic_athlete/country./olympics/olympic_athlete_affiliation/sport	676
/aviation/airline/airports_served./aviation/airline_airport_presence/cities_served	677
/broadcast/tv_station/owner	678
/award/award_winning_work/awards_won./award/award_honor/award_winner	679
/celebrities/celebrity/celebrity_friends./celebrities/friendship/friend	680
/education/fraternity_sorority/colleges_and_universities	681
/tv/non_character_role/tv_regular_personal_appearances./tv/tv_regular_personal_appearance/person	682
/common/topic/subject_of	683
/fictional_universe/fictional_character/rank	684
/people/ethnicity/geographic_distribution	685
/soccer/football_team/manager./soccer/football_team_management_tenure/manager	686
/award/long_list_nominee/long_list_nominations./award/long_list_nomination/award	687
/baseball/baseball_team/current_roster./sports/sports_team_roster/position	688
/award/award_nominated_work/award_nominations./award/award_nomination/nominated_for	689
/time/event/instance_of_recurring_event	690
/people/marriage_union_type/unions_of_this_type./people/marriage/location_of_ceremony	691
/government/legislative_session/members./government/government_position_held/legislative_sessions	692
/base/localfood/produce/availability./base/localfood/produce_availability/location	693
/base/petbreeds/dog_breed/group	694
/base/localfood/seasonal_month/produce_available./base/localfood/produce_availability/seasonal_months	695
/organization/organization/phone_number./common/phone_number/service_location	696
/base/petbreeds/dog_breed/cities_where_this_dog_is_popular./base/petbreeds/dog_city_relationship/cities	697
/medicine/disease_cause/diseases	698
/metropolitan_transit/transit_system/area_served	699
/music/album/artist	700
/music/concert_tour/artist	701
/sports/sports_championship_event/runner_up	702
/user/tsegaran/random/subject_taxonomy/entry./user/tsegaran/random/taxonomy_entry/subject	703
/royalty/noble_title/noble_rank	704
/business/business_operation/current_liabilities./measurement_unit/dated_money_value/currency	705
/common/annotation_category/annotations	706
/visual_art/visual_art_genre/artworks	707
/location/statistical_region/gdp_nominal./measurement_unit/dated_money_value/currency	708
/book/newspaper/circulation_areas	709
/education/field_of_study/students_majoring./education/education/degree	710
/organization/organization/board_members./organization/organization_board_membership/role	711
/royalty/royal_line/kingdom_s_ruled	712
/organization/organization/legal_structure	713
/finance/currency/countries_used	714
/base/schemastaging/tv_program_extra/regular_dubbing_performances./base/schemastaging/tv_star_dubbing_performance/language	715
/base/popstra/celebrity/friendship./base/popstra/friendship/participant	716
/comic_books/comic_book_publisher/comic_book_series_published	717
/base/folklore/mythology/mythical_creatures	718
/sports/sports_team/roster./baseball/baseball_roster_position/position	719
/government/legislative_session/members./government/government_position_held/office_holder	720
/film/film/personal_appearances./film/personal_film_appearance/type_of_appearance	721
/education/school/school_district	722
/base/schemastaging/tv_character_extra/regular_dubbing_performances./base/schemastaging/tv_star_dubbing_performance/actor	723
/film/film/distributors./film/film_film_distributor_relationship/film_distribution_medium	724
/government/political_appointer/appointees./government/government_position_held/office_position_or_title	725
/people/appointee/position./people/appointment/appointed_role	726
/american_football/football_player/former_teams./american_football/football_historical_roster_position/team	727
/soccer/football_player/goals_scored./soccer/football_goal/point_awarded_to	728
/medicine/disease/causes	729
/ice_hockey/hockey_player/current_team./ice_hockey/hockey_roster_position/team	730
/protected_sites/governing_body_of_protected_sites/protected_sites_governed	731
/film/actor/dubbing_performances./film/dubbing_performance/film	732
/location/hud_county_place/place	733
/government/governmental_body/body_this_is_a_component_of	734
/people/person/places_lived./people/place_lived/location	735
/user/ktrueman/default_domain/international_organization/member_states	736
/olympics/olympic_medal/medal_winners./olympics/olympic_medal_honor/medalist	737
/transportation/bridge_type/bridges_of_this_type	738
/film/film_job/films_with_this_crew_job./film/film_crew_gig/film	739
/travel/transport_operator/travel_destinations_served./travel/transportation/transport_operator	740
/people/marriage_union_type/unions_of_this_type./people/marriage/spouse	741
/user/alexander/philosophy/subject/philosophers	742
/music/group_member/membership./music/group_membership/group	743
/base/yalebase/secret_society/notable_members./base/yalebase/secret_society_membership/member	744
/government/governmental_jurisdiction/government_bodies	745
/tv/tv_program_guest/appeared_on./tv/tv_guest_personal_appearance/appearance_type	746
/base/popstra/location/vacationers./base/popstra/vacation_choice/vacationer	747
/exhibitions/exhibition_venue/exhibitions_at_this_venue./exhibitions/exhibition_run/sponsor	748
/film/film_art_director/films_art_directed	749
/geography/geographical_feature_category/features	750
/olympics/olympic_participating_country/athletes./olympics/olympic_athlete_affiliation/sport	751
/base/contractbridge/bridge_player/first_place_finish./base/contractbridge/bridge_tournament_standings/tournament	752
/music/artist/track_contributions./music/track_contribution/role	753
/business/business_operation/retained_earnings./measurement_unit/dated_money_value/currency	754
/religion/religion/practices	755
/user/coco/science/concepts_theories/child_concept	756
/film/film/featured_film_locations	757
/sports/sports_position/players./american_football/football_historical_roster_position/player	758
/fictional_universe/person_in_fiction/representations_in_fiction	759
/base/thoroughbredracing/thoroughbred_racehorse/color	760
/tv/tv_program/program_creator	761
/sports/sports_position/players./ice_hockey/hockey_roster_position/team	762
/film/editor/film	763
/film/special_film_performance_type/film_performance_type./film/performance/character	764
/cvg/computer_videogame/subjects	765
/user/tsegaran/computer/algorithm/family	766
/basketball/basketball_team/historical_roster./basketball/basketball_historical_roster_position/player	767
/computer/software/compatible_oses./computer/software_compatibility/operating_system	768
/tv/tv_writer/tv_programs./tv/tv_program_writer_relationship/tv_program	769
/people/ethnicity/includes_groups	770
/sports/sports_league_season/awards./sports/sports_award/award_winner	771
/film/film/production_companies	772
/business/employer/employees./business/employment_tenure/person	773
/film/film_character/portrayed_in_films./film/performance/actor	774
/base/contractbridge/bridge_player/second_place_finish./base/contractbridge/bridge_tournament_standings/tournament	775
/organization/organization/geographic_scope	776
/baseball/baseball_team/current_roster./baseball/baseball_roster_position/position	777
/sports/pro_athlete/teams./baseball/baseball_historical_roster_position/team	778
/tv/tv_personality/tv_regular_appearances./tv/tv_regular_personal_appearance/program	779
/architecture/type_of_museum/museums	780
/royalty/monarch/royal_line	781
/tv/tv_producer/tv_episodes_produced./tv/tv_producer_episode_credit/episode	782
/book/newspaper/headquarters./location/mailing_address/citytown	783
/venture_capital/venture_funded_company/venture_investors./venture_capital/venture_investment/investor	784
/food/food/nutrients./food/nutrition_fact/nutrient	785
/sports/sports_position/players./basketball/basketball_roster_position/player	786
/biology/organism_classification/rank	787
/olympics/olympic_athlete/medals_won./olympics/olympic_medal_honor/country	788
/government/governmental_body/members./government/government_position_held/office_position_or_title	789
/base/newsevents/news_reported_event/news_report_s./base/newsevents/news_report/news_reporting_organisation	790
/organization/organization/parent./organization/organization_relationship/parent	791
/baseball/baseball_team/historical_roster./baseball/baseball_historical_roster_position/player	792
/travel/transport_terminus/travel_destinations_served./travel/transportation/mode_of_transportation	793
/award/award_nominee/award_nominations./award/award_nomination/nominated_for	794
/base/popstra/celebrity/breakup./base/popstra/breakup/participant	795
/base/popstra/celebrity/vacations_in./base/popstra/vacation_choice/location	796
/base/thoroughbredracing/thoroughbred_racehorse/sex	797
/cvg/computer_videogame/game_series	798
/tv/tv_series_episode/guest_stars./tv/tv_guest_role/actor	799
/government/governmental_body/members./government/government_position_held/office_holder	800
/broadcast/broadcast/area_served	801
/media_common/dedicated_work/dedication./media_common/dedication/dedicated_to	802
/internet/website_category/sites	803
/olympics/olympic_medal/medal_winners./olympics/olympic_medal_honor/country	804
/military/military_person/service./military/military_service/rank	805
/business/consumer_company/brands./business/company_brand_relationship/brand	806
/cvg/cvg_publisher/games_published	807
/education/educational_institution/school_type	808
/people/profession/people_with_this_profession	809
/geography/lake/cities	810
/broadcast/content/location	811
/base/americancomedy/comedian/comedy_genres	812
/common/topic/webpage./common/webpage/resource	813
/tv/special_tv_performance_type/starring_performances./tv/regular_tv_appearance/actor	814
/award/award_category/nominees./award/award_nomination/award_nominee	815
/soccer/football_team/current_roster./sports/sports_team_roster/player	816
/film/film/starring./film/performance/character	817
/award/award_category/presenting_organization	818
/food/dietary_restriction/compatible_ingredients	819
/music/group_member/instruments_played	820
/sports/sports_team/roster./american_football/football_roster_position/position	821
/sports/sports_team/roster./sports/sports_team_roster/player	822
/business/board_member/leader_of./organization/leadership/organization	823
/visual_art/artwork/art_subject	824
/religion/place_of_worship/religion	825
/award/award_ceremony/awards_presented./award/award_honor/award	826
/user/mt/default_domain/metabolite/associated_disorder	827
/film/film/dubbing_performances./film/dubbing_performance/character	828
/base/x2010fifaworldcupsouthafrica/world_cup_participant/world_cup_team./base/x2010fifaworldcupsouthafrica/current_world_cup_squad/current_club	829
/music/artist/contribution./music/recording_contribution/performance_role	830
/basketball/basketball_team/roster./sports/sports_team_roster/player	831
/location/place_with_neighborhoods/neighborhoods	832
/comic_books/comic_book_character/regular_featured_appearances	833
/film/film_featured_song/performed_by	834
/travel/travel_destination/local_transportation	835
/business/sponsored_recipient/sponsorship./business/sponsorship/sponsored_by	836
/people/person/spouse_s./people/marriage/type_of_union	837
/music/group_member/artists_supported	838
/base/petbreeds/dog_breed/size./base/petbreeds/dog_size/gender	839
/sports/sport/leagues	840
/sports/sports_team_owner/teams_owned	841
/baseball/baseball_player/current_team./baseball/baseball_roster_position/position	842
/government/governmental_jurisdiction/governing_officials./government/government_position_held/basic_title	843
/food/ingredient/dishes	844
/travel/transport_operator/travel_destinations_served./travel/transportation/travel_destination	845
/travel/travel_destination/how_to_get_here./travel/transportation/transport_terminus	846
/cvg/computer_videogame/cvg_genre	847
/law/court/judges./law/judicial_tenure/judge	848
/religion/religion/texts	849
/base/endorsements/endorsee/newspaper_endorsements./base/endorsements/newspaper_endorsement/newspaper	850
/business/business_operation/net_profit./measurement_unit/dated_money_value/currency	851
/location/statistical_region/gdp_real./measurement_unit/adjusted_money_value/adjustment_currency	852
/baseball/baseball_player/lifetime_batting_statistics./baseball/lifetime_batting_statistics/starting_season	853
/media_common/adapted_work/adaptations	854
/aviation/airport/focus_city_for	855
/language/human_language/writing_system	856
/geography/geographical_feature/category	857
/medicine/disease/includes_diseases	858
/government/government_office_or_title/jurisdiction	859
/ice_hockey/hockey_player/hockey_position	860
/american_football/football_player/position_s	861
/protected_sites/site_listing_category/listed_sites./protected_sites/natural_or_cultural_site_listing/listed_site	862
/symbols/name_source/namesakes	863
/people/person/sibling_s./people/sibling_relationship/sibling	864
/government/politician/government_positions_held./government/government_position_held/district_represented	865
/education/field_of_study/academics_in_this_field	866
/aviation/airline/airports_served./aviation/airline_airport_presence/airport	867
/location/statistical_region/rent50_0./measurement_unit/dated_money_value/currency	868
/base/infrastructure/power_station/fuel_type	869
/government/form_of_government/countries	870
/american_football/football_player/passing./american_football/player_passing_statistics/season	871
/royalty/royal_line/monarchs_from_this_line	872
/people/person/religion	873
/medicine/symptom/symptom_of	874
/religion/religious_organization/associated_with	875
/film/film_company/films./film/film_film_company_relationship/film	876
/law/judge/courts./law/judicial_tenure/court	877
/sports/pro_athlete/teams./sports/sports_team_roster/team	878
/film/actor/film./film/performance/film	879
/basketball/basketball_team/roster./basketball/basketball_roster_position/position	880
/geography/river/basin_countries	881
/protected_sites/listed_site/designation_as_natural_or_cultural_site./protected_sites/natural_or_cultural_site_listing/category_or_criteria	882
/sports/pro_athlete/teams./ice_hockey/hockey_roster_position/position	883
/baseball/baseball_player/batting_stats./baseball/batting_statistics/team	884
/food/dish/ingredients	885
/medicine/disease/symptoms	886
/people/cause_of_death/parent_cause_of_death	887
/baseball/baseball_player/lifetime_batting_statistics./baseball/lifetime_batting_statistics/last_statistics_season	888
/government/political_district/representatives./government/government_position_held/office_holder	889
/user/narphorium/people/wealthy_person/net_worth./measurement_unit/dated_money_value/currency	890
/olympics/olympic_athlete/medals_won./olympics/olympic_medal_honor/medal	891
/government/governmental_body/component_bodies	892
/base/bioventurist/science_or_technology_company/develops_treatments_for_disease	893
/baseball/baseball_player/position_s	894
/tv/tv_program/filming_locations	895
/sports/sports_team/roster./ice_hockey/hockey_previous_roster_position/player	896
/location/country/currency_formerly_used	897
/comic_books/comic_book_character/primary_universe	898
/location/location/containedby	899
/government/politician/government_positions_held./government/government_position_held/jurisdiction_of_office	900
/medicine/drug_ingredient/more_general_ingredient	901
/film/film_crewmember/films_crewed./film/film_crew_gig/film	902
/base/popstra/organization/supporter./base/popstra/support/supporter	903
/base/argumentmaps/abstract_moral_dispute/particular_instances	904
/business/board_member/organization_board_memberships./organization/organization_board_membership/organization	905
/base/schemastaging/person_extra/net_worth./measurement_unit/dated_money_value/source	906
/sports/sport/officials	907
/architecture/structure/construction_cost./measurement_unit/money_value/currency	908
/base/marchmadness/ncaa_basketball_team/ncaa_tournament_seeds./base/marchmadness/ncaa_tournament_seed/tournament	909
/olympics/olympic_sport/athletes./olympics/olympic_athlete_affiliation/olympics	910
/film/film_costumer_designer/costume_design_for_film	911
/film/special_film_performance_type/film_performance_type./film/performance/film	912
/education/school/highest_grade_taught	913
/olympics/olympic_participating_country/olympics_participated_in	914
/base/contractbridge/bridge_player/teammates./base/contractbridge/bridge_player_teammates/teammate	915
/american_football/football_player/rushing./american_football/player_rushing_statistics/team	916
/base/popstra/celebrity/bought./base/popstra/product_choice/product	917
/medicine/icd_9_cm_classification/includes_classifications	918
/broadcast/content/language	919
/olympics/olympic_athlete/medals_won./olympics/olympic_medal_honor/olympics	920
/venture_capital/venture_investor/investments./venture_capital/venture_investment/company	921
/user/szaijan/fantasy_football/position/player	922
/american_football/football_team/historical_roster./american_football/football_historical_roster_position/position_s	923
/american_football/football_team/current_roster./sports/sports_team_roster/player	924
/film/film_production_designer/films_production_designed	925
/education/educational_institution/campuses	926
/music/performance_role/regular_performances./music/group_membership/group	927
/award/award/presented_by	928
/sports/drafted_athlete/drafted./sports/sports_league_draft_pick/school	929
/base/contractbridge/bridge_tournament/standing./base/contractbridge/bridge_tournament_standings/second_place	930
/soccer/football_player/current_team./soccer/football_roster_position/position	931
/royalty/noble_title/holders./royalty/noble_title_tenure/noble_person	932
/broadcast/radio_station/owner	933
/book/newspaper/headquarters./location/mailing_address/state_province_region	934
/tv/tv_actor/starring_roles./tv/regular_tv_appearance/seasons	935
/film/film_festival/individual_festivals	936
/film/film_character/portrayed_in_films_dubbed./film/dubbing_performance/actor	937
/protected_sites/protected_site/iucn_category	938
/base/fashionmodels/hair_color/fashion_models_with_this_hair_color	939
/music/instrument/instrumentalists	940
/film/film/costume_design_by	941
/film/film/edited_by	942
/music/conductor/groups./music/conducting_tenure/ensemble	943
/base/aareas/schema/administrative_area/capital	944
/film/film/release_date_s./film/film_regional_release_date/film_regional_debut_venue	945
/base/events/performer/performances./base/events/performance/performer	946
/music/artist/supporting_artists	947
/sports/pro_athlete/teams./basketball/basketball_roster_position/team	948
/book/periodical_publisher/periodicals_published./book/periodical_publisher_period/periodical	949
/geography/lake/lake_type	950
/award/award_winning_work/awards_won./award/award_honor/ceremony	951
/american_football/football_coach_position/coaches_holding_this_position./american_football/football_historical_coach_position/coach	952
/sports/sports_league/teams./sports/sports_league_participation/team	953
/music/performance_role/regular_performances./music/group_membership/member	954
/dining/cuisine/restaurant	955
/base/popstra/business_location/customer./base/popstra/hangout/customer	956
/olympics/olympic_athlete/medals_won./olympics/olympic_medal_honor/medalist	957
/cvg/computer_videogame/designers	958
/film/actor/dubbing_performances./film/dubbing_performance/language	959
/base/wrestling/solo_wrestler_or_team/members	960
/base/schemastaging/tv_actor_extra/regular_dubbing_performances./base/schemastaging/tv_star_dubbing_performance/language	961
/base/schemastaging/fish/found_in	962
/user/jg/default_domain/olympic_games/sports	963
/location/location/events	964
/travel/transport_terminus/travel_destinations_served./travel/transportation/travel_destination	965
/base/ecology/ecosystem/ecosystem_members	966
/book/periodical/publisher./book/periodical_publisher_period/publisher	967
/sports/pro_athlete/teams./american_football/football_historical_roster_position/team	968
/broadcast/content/producer	969
/sports/professional_sports_team/draft_picks./sports/sports_league_draft_pick/school	970
/base/crime/convicted_criminal/convictions./base/crime/criminal_conviction/guilty_of	971
/user/alexander/philosophy/philosopher/interests	972
/ice_hockey/hockey_team/current_roster./sports/sports_team_roster/position	973
/location/administrative_division/country	974
/location/hud_foreclosure_area/total_90_day_vacant_residential_addresses./measurement_unit/dated_integer/source	975
/people/person/education./education/education/major_field_of_study	976
/music/musical_group/member./music/group_membership/member	977
/religion/religion/deities	978
/aviation/airliner_accident/flight_destination	979
/film/director/film	980
/sports/sports_position/players./sports/sports_team_roster/player	981
/sports/sports_team/roster./american_football/football_historical_roster_position/position_s	982
/american_football/football_player/former_teams./sports/sports_team_roster/position	983
/government/politician/government_positions_held./government/government_position_held/governmental_body	984
/olympics/olympic_sport/athletes./olympics/olympic_athlete_affiliation/country	985
/medicine/medical_specialty/diseases_treated	986
/sports/sports_award_type/winners./sports/sports_award/award_winner	987
/soccer/football_player/current_team./sports/sports_team_roster/position	988
/media_common/netflix_genre/titles	989
/cvg/computer_videogame/publisher	990
/tv/tv_program/regular_cast./tv/regular_tv_appearance/character	991
/government/governmental_jurisdiction/agencies	992
/religion/religion/is_part_of	993
/film/film/film_casting_director	994
/music/voice/singers	995
/media_common/dedicated_work/dedication./media_common/dedication/dedicated_by	996
/sports/sports_team_location/teams	997
/computer/software/software_genre	998
/sports/pro_athlete/teams./baseball/baseball_roster_position/team	999
/base/endorsements/endorsing_newspaper/endorsements./base/endorsements/newspaper_endorsement/endorsee	1000
/government/governmental_body/members./government/government_position_held/district_represented	1001
/base/schemastaging/organization_extra/phone_number./base/schemastaging/phone_open_times/time_zone	1002
/education/fraternity_sorority/colors	1003
/food/ingredient/incompatible_with_dietary_restrictions	1004
/olympics/olympic_games/sports	1005
/american_football/football_team/historical_roster./sports/sports_team_roster/position	1006
/american_football/football_team/historical_roster./sports/sports_team_roster/player	1007
/tv/tv_producer_type/tv_producers_of_this_type./tv/tv_producer_term/producer	1008
/biology/breed_origin/breeds_originating_here	1009
/martial_arts/martial_artist/martial_art	1010
/sports/sports_league_draft/picks./sports/sports_league_draft_pick/player	1011
/base/popstra/celebrity/eats_at./base/popstra/restaurant_choice/restaurant	1012
/medicine/disease/medical_specialties	1013
/aviation/airport/hub_for	1014
/tennis/tennis_tournament_champion/tennis_titles./tennis/tennis_tournament_championship/winner	1015
/book/periodical/subjects	1016
/government/political_appointer/appointees./government/government_position_held/jurisdiction_of_office	1017
/aviation/airline/focus_cities	1018
/user/szaijan/fantasy_football/player/position	1019
/location/administrative_division/capital./location/administrative_division_capital_relationship/capital	1020
/government/governmental_body/jurisdiction	1021
/award/award_category/category_of	1022
/fictional_universe/fictional_character_creator/fictional_characters_created	1023
/american_football/football_player/passing./american_football/player_passing_statistics/team	1024
/geography/island/body_of_water	1025
/education/school_mascot/school	1026
/government/political_appointer/appointees./government/government_position_held/office_holder	1027
/government/political_ideology/political_parties	1028
/people/deceased_person/place_of_cremation	1029
/base/events/festival_series/type_of_festival	1030
/computer/operating_system_developer/operating_systems_developed	1031
/media_common/adaptation/adapted_from	1032
/common/resource/annotations./common/webpage/category	1033
/book/author/school_or_movement	1034
/location/hud_foreclosure_area/estimated_number_foreclosures./measurement_unit/dated_integer/source	1035
/organization/organization/headquarters./location/mailing_address/country	1036
/award/hall_of_fame_discipline/halls_of_fame	1037
/symbols/namesake/named_after	1038
/tv/tv_actor/starring_roles./tv/regular_tv_appearance/character	1039
/music/artist/label	1040
/biology/organism/organism_type	1041
/olympics/olympic_medal/medal_winners./olympics/olympic_medal_honor/olympics	1042
/olympics/olympic_games/medals_awarded./olympics/olympic_medal_honor/medal	1043
/base/schemastaging/organization_extra/phone_number./base/schemastaging/phone_sandbox/service_language	1044
/basketball/basketball_player/team./basketball/basketball_roster_position/position	1045
/astronomy/celestial_object/category	1046
/sports/sports_team/roster./ice_hockey/hockey_roster_position/player	1047
/visual_art/artwork/art_form	1048
/broadcast/tv_station_owner/tv_stations	1049
/fictional_universe/character_occupation/characters_with_this_occupation	1050
/architecture/architectural_style/architects	1051
/sports/sports_award_winner/awards./sports/sports_award/award	1052
/organization/organization_type/organizations_of_this_type	1053
/fictional_universe/fictional_setting/works_set_here	1054
/fictional_universe/fictional_character/children	1055
/base/contractbridge/bridge_player/first_place_finish./base/contractbridge/bridge_tournament_standings/first_place	1056
/education/academic/advisees	1057
/broadcast/genre/content	1058
/base/saints/saint/venerated_in	1059
/theater/play/lyricist	1060
/sports/sports_position/players./sports/sports_team_roster/position	1061
/tv/special_tv_performance_type/episode_performances./tv/tv_guest_role/actor	1062
/biology/organism_classification/lower_classifications	1063
/food/ingredient/cuisine	1064
/martial_arts/martial_art/well_known_practitioner	1065
/computer/programming_language/parent_language	1066
/film/film/distributors./film/film_film_distributor_relationship/distributor	1067
/base/crime/crime_victim/crime_type	1068
/american_football/football_player/current_team./american_football/football_roster_position/team	1069
/olympics/olympic_games/athletes./olympics/olympic_athlete_affiliation/sport	1070
/business/business_operation/liabilities./measurement_unit/dated_money_value/currency	1071
/organization/non_profit_organization/registered_with./organization/non_profit_registration/registering_agency	1072
/sports/professional_sports_team/draft_picks./sports/sports_league_draft_pick/draft	1073
/music/genre/subgenre	1074
/base/americancomedy/comedy_genre/comedians_in_this_genre	1075
/military/rank/used_by_services./military/military_service/military_force	1076
/american_football/football_player/games./american_football/player_game_statistics/season	1077
/book/book_subject/works	1078
/location/hud_county_place/county	1079
/fictional_universe/work_of_fiction/part_of_these_fictional_universes	1080
/religion/religion/notable_figures	1081
/military/military_combatant/military_commanders./military/military_command/military_commander	1082
/base/crime/crime_victim/crime	1083
/location/statistical_region/rent50_1./measurement_unit/dated_money_value/currency	1084
/base/marchmadness/ncaa_basketball_tournament/seeds./base/marchmadness/ncaa_tournament_seed/team	1085
/film/cinematographer/film	1086
/media_common/netflix_title/netflix_genres	1087
/location/statistical_region/places_exported_to./location/imports_and_exports/exported_to	1088
/military/military_combatant/force_deployments./military/force_strength/military_conflict	1089
/base/x2010fifaworldcupsouthafrica/world_cup_participant/world_cup_team./base/x2010fifaworldcupsouthafrica/current_world_cup_squad/national_team	1090
/base/fight/sentence/convictions./base/crime/criminal_conviction/convicted_person	1091
/education/educational_institution/students_graduates./education/education/specialization	1092
/film/film/runtime./film/film_cut/type_of_film_cut	1093
/sports/sports_position/players./soccer/football_roster_position/player	1094
/tv/tv_program/regular_personal_appearances./tv/tv_regular_personal_appearance/appearance_type	1095
/geography/island/island_group	1096
/ice_hockey/hockey_team/historical_roster./sports/sports_team_roster/player	1097
/sports/multi_event_tournament/sports	1098
/finance/currency/countries_formerly_used	1099
/fictional_universe/fictional_character/occupation	1100
/fictional_universe/fictional_character/powers_or_abilities	1101
/government/governmental_jurisdiction/governing_officials./government/government_position_held/legislative_sessions	1102
/geography/body_of_water/islands	1103
/olympics/olympic_sport/olympic_games_contested	1104
/base/x2010fifaworldcupsouthafrica/world_cup_squad/current_world_cup_squad./base/x2010fifaworldcupsouthafrica/current_world_cup_squad/current_club	1105
/organization/organization/place_founded	1106
/tv/tv_genre/programs	1107
/tv/tv_character/appeared_in_tv_program./tv/regular_tv_appearance/special_performance_type	1108
/business/asset_owner/assets_owned./business/asset_ownership/owned_asset	1109
/transportation/road/major_cities	1110
/computer/programming_language_paradigm/languages	1111
/fictional_universe/fictional_universe/works_set_here	1112
/basketball/basketball_position/player_roster_position./basketball/basketball_roster_position/team	1113
/fictional_universe/fictional_character/species	1114
/american_football/football_player/current_team./american_football/football_roster_position/position	1115
/sports/sports_position/players./american_football/football_roster_position/team	1116
/sports/sports_position/players./basketball/basketball_roster_position/team	1117
/user/alexbl/honorary_title/honorary_title/titled_people./user/alexbl/honorary_title/honorary_title_holding/conferred_upon	1118
/award/award_winner/awards_won./award/award_honor/ceremony	1119
/basketball/basketball_position/players	1120
/base/culturalevent/event/entity_involved	1121
/education/school/lowest_grade_taught	1122
/base/argumentmaps/innovator/original_ideas	1123
/biology/breed_group/breeds_in_this_group./biology/breed_registration/breed	1124
/film/film/country	1125
/base/americancomedy/impersonated_celebrity/impersonated_by	1126
/location/hud_foreclosure_area/estimated_number_of_mortgages./measurement_unit/dated_integer/source	1127
/soccer/football_player/position_s	1128
/people/person/employment_history./business/employment_tenure/title	1129
/base/popstra/company/shopping_choice./base/popstra/shopping_choice/shopper	1130
/medicine/drug/drug_class	1131
/fictional_universe/ethnicity_in_fiction/characters_of_this_ethnicity	1132
/organization/organization_member/member_of./organization/organization_membership/organization	1133
/book/literary_series/author_s	1134
/comic_books/comic_book_series/featured_characters	1135
/broadcast/broadcast/distributor	1136
/sports/pro_athlete/teams./american_football/football_historical_roster_position/position_s	1137
/broadcast/content/broadcast	1138
/base/activism/organization/area_of_activism	1139
/olympics/olympic_participating_country/medals_won./olympics/olympic_medal_honor/olympics	1140
/comic_books/comic_book_fictional_universe/characters_primarily_appearing_in_this_universe	1141
/people/person/children	1142
/education/field_of_study/students_majoring./education/education/student	1143
/tv/tv_program/regular_cast./tv/regular_tv_appearance/seasons	1144
/chemistry/chemical_compound/solubility./chemistry/solubility_relationship/solvent	1145
/business/business_operation/assets./measurement_unit/dated_money_value/currency	1146
/location/country/form_of_government	1147
/baseball/baseball_team/league	1148
/base/ecology/food_web_member/belongs_to_ecosystem_s	1149
/base/thoroughbredracing/thoroughbred_racehorse_origin/horses_from_this_location	1150
/base/fight/crime_type/victims_of_this_crime_type	1151
/basketball/basketball_team/roster./sports/sports_team_roster/position	1152
/base/collectives/collective/members./base/collectives/collective_membership/member	1153
/people/appointer/appointment_made./people/appointment/appointee	1154
/location/statistical_region/rent50_2./measurement_unit/dated_money_value/currency	1155
/fictional_universe/fictional_character/place_of_birth	1156
/food/dish/cuisine	1157
/people/ethnicity/people	1158
/aviation/airline_alliance/member_airlines	1159
/tv/tv_program/seasons	1160
/film/film/release_date_s./film/film_regional_release_date/film_release_distribution_medium	1161
/people/profession/specializations	1162
/fictional_universe/fictional_character/gender	1163
/music/instrument/family	1164
/user/robert/us_congress/congressional_caucus/current_house_members	1165
/fictional_universe/fictional_universe/characters	1166
/government/governmental_body/members./government/government_position_held/basic_title	1167
/education/university/local_tuition./measurement_unit/dated_money_value/currency	1168
/cvg/computer_game_subject/games	1169
/broadcast/radio_station_owner/radio_stations	1170
/astronomy/celestial_object_category/objects	1171
/location/location/street_address./location/mailing_address/state_province_region	1172
/base/schemastaging/tv_program_extra/regular_dubbing_performances./base/schemastaging/tv_star_dubbing_performance/character	1173
/government/politician/government_positions_held./government/government_position_held/legislative_sessions	1174
/sports/sports_facility/teams	1175
/award/ranked_list/ranked_list_items./award/ranking/item	1176
/education/educational_institution/students_graduates./education/education/major_field_of_study	1177
/government/governmental_body/members./government/government_position_held/jurisdiction_of_office	1178
/theater/theater_actor/theater_roles./theater/theater_role/role	1179
/education/educational_institution/students_graduates./education/education/student	1180
/american_football/football_team/current_roster./sports/sports_team_roster/position	1181
/broadcast/content/artist	1182
/award/award_presenting_organization/award_categories_presented	1183
/biology/organism_classification_rank/organism_classifications	1184
/american_football/football_position/players	1185
/time/event/included_in_event	1186
/language/language_dialect/language	1187
/fictional_universe/fictional_setting/fictional_characters_born_here	1188
/education/school_district/locations_served	1189
/sports/sports_team/sport	1190
/location/location/street_address./location/mailing_address/citytown	1191
/location/location/contains	1192
/organization/organization/child./organization/organization_relationship/child	1193
/tv/tv_network/areas_served	1194
/interests/collection_category/parent_category	1195
/spaceflight/space_agency/astronauts	1196
/location/country/capital	1197
/people/person/languages	1198
/book/author/works_written	1199
/base/biblioness/bibs_location/state	1200
/ice_hockey/hockey_player/former_team_s./ice_hockey/hockey_previous_roster_position/team	1201
/broadcast/broadcast/content	1202
/sports/sports_team/roster./basketball/basketball_roster_position/position	1203
/language/human_language/dialects	1204
/education/educational_institution/students_graduates./education/education/degree	1205
/base/popstra/celebrity/endorsements./base/popstra/paid_support/company	1206
/travel/travel_destination/tourist_attractions	1207
/award/ranked_item/appears_in_ranked_lists./award/ranking/list	1208
/basketball/basketball_player/player_statistics./basketball/basketball_player_stats/team	1209
/theater/play/country_of_origin	1210
/education/academic/appointments_fellowships_etc./education/academic_post/institution	1211
/music/musical_group/member./music/group_membership/role	1212
/sports/pro_athlete/teams./basketball/basketball_roster_position/position	1213
/military/military_person/service./military/military_service/military_force	1214
/sports/pro_athlete/teams./basketball/basketball_historical_roster_position/team	1215
/sports/pro_athlete/teams./ice_hockey/hockey_roster_position/team	1216
/location/statistical_region/rent50_3./measurement_unit/dated_money_value/currency	1217
/soccer/football_league/teams./soccer/football_league_participation/team	1218
/organization/organization/organization_type	1219
/influence/influence_node/influenced_by	1220
/sports/sports_team/colors	1221
/architecture/museum/type_of_museum	1222
/education/field_of_study/students_majoring./education/education/major_field_of_study	1223
/business/brand/owner_s./business/company_brand_relationship/company	1224
/computer/programming_language/language_paradigms	1225
/basketball/basketball_team/roster./basketball/basketball_roster_position/player	1226
/computer/software/developer	1227
/exhibitions/exhibition_sponsor/exhibitions_sponsored./exhibitions/exhibition_run/sponsor	1228
/business/business_operation/cash./measurement_unit/dated_money_value/currency	1229
/baseball/baseball_team/historical_roster./sports/sports_team_roster/player	1230
/olympics/olympic_games/medals_awarded./olympics/olympic_medal_honor/medalist	1231
/fictional_universe/fictional_character/married_to./fictional_universe/marriage_of_fictional_characters/spouses	1232
/military/armed_force/personnel./military/military_service/military_person	1233
/cvg/cvg_genre/games	1234
/sports/sports_team/championships	1235
/tv/tv_series_season/regular_cast./tv/regular_tv_appearance/seasons	1236
/base/petbreeds/dog_coat_color/dog_breeds	1237
/film/production_company/films	1238
/music/performance_role/regular_performances./music/group_membership/role	1239
/film/film/other_crew./film/film_crew_gig/crewmember	1240
/sports/sports_league_draft/picks./sports/sports_league_draft_pick/school	1241
/business/consumer_product/company./business/company_product_relationship/company	1242
/film/film/distributors./film/film_film_distributor_relationship/region	1243
/ice_hockey/hockey_team/current_roster./ice_hockey/hockey_roster_position/position	1244
/film/film/dubbing_performances./film/dubbing_performance/language	1245
/organization/role/leaders./organization/leadership/organization	1246
/military/military_conflict/commanders./military/military_command/military_combatant	1247
/film/film/personal_appearances./film/personal_film_appearance/person	1248
/broadcast/artist/content	1249
/location/statistical_region/places_imported_from./location/imports_and_exports/imported_from	1250
/film/film/cinematography	1251
/base/popstra/celebrity/canoodled./base/popstra/canoodled/participant	1252
/base/schemastaging/tv_program_extra/regular_dubbing_performances./base/schemastaging/tv_star_dubbing_performance/actor	1253
/organization/organization/involved_in_merger./organization/organization_merger/organizations_merging	1254
/visual_art/visual_art_form/artworks	1255
/tv/tv_program/episodes	1256
/aviation/aircraft_model/aircraft_type	1257
/award/award_winner/awards_won./award/award_honor/award	1258
/cvg/computer_videogame/prequel	1259
/projects/project_role/projects./projects/project_participation/participant	1260
/sports/professional_sports_team/draft_picks./sports/sports_league_draft_pick/player	1261
/fictional_universe/character_gender/characters_of_this_gender	1262
/architecture/architectural_structure_owner/structures_owned./architecture/ownership/structure	1263
/architecture/architect/architectural_style	1264
/people/cause_of_death/includes_causes_of_death	1265
/comic_books/comic_book_series/publisher	1266
/education/educational_degree/people_with_this_degree./education/education/specialization	1267
/sports/sports_championship/events	1268
/tv/tv_program/spun_off_from	1269
/base/parody/parody/parody_of	1270
/sports/sports_team/roster./basketball/basketball_historical_roster_position/player	1271
/organization/organization_sector/organizations_in_this_sector	1272
/aviation/airline/alliance	1273
/military/military_commander/military_commands./military/military_command/military_combatant	1274
/tv/tv_program/original_network./tv/tv_network_duration/network	1275
/education/field_of_study/students_majoring./education/education/institution	1276
/people/appointee/position./people/appointment/appointed_by	1277
/organization/organization/spun_off_from./organization/organization_spin_off/parent_company	1278
/comic_books/comic_book_creator/characters_created	1279
/music/genre/albums	1280
/sports/sports_league_draft/picks./sports/sports_league_draft_pick/team	1281
/aviation/aircraft_type/aircraft_of_this_type	1282
/government/politician/government_positions_held./government/government_position_held/appointed_by	1283
/aviation/aircraft_model/number_owned_by./aviation/aircraft_ownership_count/aircraft_owner	1284
/media_common/literary_genre/books_in_this_genre	1285
/user/robert/us_congress/house_committee/current_members	1286
/award/award_presenting_organization/awards_presented	1287
/book/written_work/subjects	1288
/music/genre/parent_genre	1289
/award/award/category	1290
/sports/pro_athlete/teams./baseball/baseball_roster_position/position	1291
/government/legislative_session/members./government/government_position_held/jurisdiction_of_office	1292
/soccer/football_player/current_team./soccer/football_roster_position/team	1293
/music/performance_role/track_performances./music/track_contribution/contributor	1294
/award/hall_of_fame/discipline	1295
/ice_hockey/hockey_team/current_roster./ice_hockey/hockey_roster_position/player	1296
/film/film/language	1297
/base/nobelprizes/nobel_subject_area/nobel_awards./base/nobelprizes/nobel_honor/subject_area	1298
/theater/theater_character/portrayed_by./theater/theater_role/actor	1299
/internet/website_owner/websites_owned_new./internet/website_ownership/website	1300
/location/administrative_division/second_level_division_of	1301
/base/contractbridge/bridge_tournament/standing./base/contractbridge/bridge_tournament_standings/first_place	1302
/tv/tv_series_episode/producers./tv/tv_producer_episode_credit/producer	1303
/fictional_universe/fictional_character/based_on	1304
/base/americancomedy/comedy_group/members./base/americancomedy/comedy_group_membership/member	1305
/book/written_work/original_language	1306
/protected_sites/natural_or_cultural_site_designation/sites./protected_sites/natural_or_cultural_site_listing/listed_site	1307
/location/location/partially_containedby	1308
/baseball/baseball_player/batting_stats./baseball/batting_statistics/season	1309
/people/deceased_person/place_of_death	1310
/film/film_festival_event/festival	1311
/location/location/adjoin_s./location/adjoining_relationship/adjoins	1312
/base/nobelprizes/nobel_subject_area/nobel_awards./base/nobelprizes/nobel_honor/nobel_prize_winner	1313
/award/award_winner/awards_won./award/award_honor/honored_for	1314
/medicine/disease/parent_disease	1315
/user/tsegaran/random/taxonomy_subject/entry./user/tsegaran/random/taxonomy_entry/taxonomy	1316
/film/personal_film_appearance_type/film_appearances./film/personal_film_appearance/person	1317
/education/university/domestic_tuition./measurement_unit/dated_money_value/currency	1318
/law/inventor/inventions	1319
/base/nobelprizes/nobel_prize_winner/nobel_honor./base/nobelprizes/nobel_honor/subject_area	1320
/base/endorsements/endorsing_newspaper/endorsements./base/endorsements/newspaper_endorsement/election	1321
/base/petbreeds/city_with_dogs/top_breeds./base/petbreeds/dog_city_relationship/dog_breed	1322
/film/film_format/film_format	1323
/sports/sports_position/players./soccer/football_roster_position/team	1324
/music/performance_role/track_performances./music/track_contribution/role	1325
/tennis/tennis_player/matches_won./tennis/tennis_match/loser	1326
/people/appointer/appointment_made./people/appointment/appointed_role	1327
/media_common/dedicator/dedications./media_common/dedication/work_dedicated	1328
/medicine/drug_ingredient/more_specific_ingredient	1329
/base/usnationalparks/us_national_park/state	1330
/architecture/structure/architect	1331
/film/film/executive_produced_by	1332
/soccer/football_team/current_roster./soccer/football_roster_position/player	1333
/tv/tv_personality/tv_regular_appearances./tv/tv_regular_personal_appearance/appearance_type	1334
/royalty/chivalric_order_member/belongs_to_order./royalty/chivalric_order_membership/order	1335
/basketball/basketball_player/team./sports/sports_team_roster/team	1336
/business/job_title/people_with_this_title./business/employment_tenure/company	1337
/olympics/olympic_games/athletes./olympics/olympic_athlete_affiliation/country	1338
/sports/sport_country/athletic_performances./sports/competitor_competition_relationship/competitors	1339
/baseball/baseball_team/current_roster./sports/sports_team_roster/player	1340
/visual_art/artwork/art_genre	1341
/cvg/game_character/games./cvg/game_performance/voice_actor	1342
/base/crime/crime/victim_s	1343
/fictional_universe/character_rank/characters_of_this_rank	1344
